customer_id,free_account_created_at,last_seen_at,session_count,segment,account_id
1,2017-05-29,2019-04-05,1379,Marketing Segment 2,AX#93195
2,2017-12-17,2019-04-27,531,Marketing Segment 1,AX#20438
3,2017-01-30,2019-04-22,317,Marketing Segment 1,AX#60779
4,2017-02-03,2019-04-23,349,Marketing Segment 1,AX#91209
5,2017-03-18,2019-04-05,1158,Marketing Segment 2,AX#57000
6,2017-03-19,2019-04-28,279,Marketing Segment 1,AX#30186
7,2017-05-18,2019-04-27,386,Marketing Segment 1,AX#32309
8,2017-05-21,2019-04-19,98,Marketing Segment 1,AX#45407
9,2017-05-28,2017-12-18,18,Marketing Segment 3,AX#48539
10,2017-05-29,2019-04-28,2187,Marketing Segment 1,AX#31700
11,2017-06-03,2019-04-27,105,Marketing Segment 1,AX#51195
12,2017-06-09,2019-04-28,1800,Marketing Segment 1,AX#29479
13,2017-06-20,2019-04-23,2191,Marketing Segment 1,AX#26417
14,2017-06-24,2019-04-20,3394,Marketing Segment 1,AX#69913
15,2017-07-15,2019-04-26,241,Marketing Segment 1,AX#96310
16,2017-07-15,2019-04-28,1212,Marketing Segment 1,AX#77162
17,2017-07-17,2019-04-28,1333,Marketing Segment 1,AX#60254
18,2017-07-22,2019-04-25,1657,Marketing Segment 1,AX#90212
19,2017-07-31,2019-04-22,285,Marketing Segment 1,AX#42372
20,2017-08-08,2019-04-18,2501,Marketing Segment 1,AX#33835
21,2017-08-15,2019-04-24,26,Marketing Segment 3,AX#32025
22,2017-09-01,2019-04-28,1409,Marketing Segment 1,AX#17932
23,2017-09-29,2019-04-26,225,Marketing Segment 1,AX#14488
24,2017-10-03,2019-04-28,352,Marketing Segment 2,AX#18601
25,2017-10-09,2019-04-28,10531,Marketing Segment 1,AX#80461
26,2017-10-15,2018-12-29,85,Marketing Segment 2,AX#47437
27,2017-10-16,2019-04-28,184,Marketing Segment 1,AX#96269
28,2017-10-17,2018-02-04,0,Marketing Segment 3,AX#63705
29,2017-10-17,2019-04-28,24,Marketing Segment 1,AX#14296
30,2017-10-19,2019-04-28,0,Marketing Segment 1,AX#53149
31,2017-10-20,2019-04-28,2171,Marketing Segment 1,AX#90699
32,2017-10-21,2018-12-18,93,Marketing Segment 2,AX#23324
33,2017-10-25,2019-04-21,465,Marketing Segment 3,AX#65907
34,2017-10-29,2019-04-13,10,Marketing Segment 2,AX#71389
35,2017-10-30,2018-03-16,1,Marketing Segment 3,AX#41838
36,2017-10-30,2019-04-26,80,Marketing Segment 1,AX#64645
37,2017-11-07,2019-03-10,51,Marketing Segment 2,AX#91857
38,2017-11-10,2018-08-05,22,Marketing Segment 2,AX#42258
39,2017-11-11,2018-12-14,2,Marketing Segment 2,AX#54403
40,2017-11-11,2019-04-22,28,Marketing Segment 1,AX#89794
41,2017-11-17,2019-04-20,153,Marketing Segment 1,AX#78556
42,2017-11-28,2019-04-27,2443,Marketing Segment 1,AX#27926
43,2017-12-01,2019-03-16,27,Marketing Segment 2,AX#71224
44,2017-12-01,2019-04-09,15,Marketing Segment 2,AX#43917
45,2017-12-02,2019-04-26,1,Marketing Segment 2,AX#69648
46,2017-12-03,2018-08-27,12,Marketing Segment 2,AX#35555
47,2017-12-04,2019-04-27,187,Marketing Segment 1,AX#97747
48,2017-12-09,2018-03-11,1,Marketing Segment 3,AX#77797
49,2017-12-10,2019-04-28,8728,Marketing Segment 1,AX#82800
50,2017-12-11,2019-04-28,126,Marketing Segment 1,AX#98642
51,2017-12-14,2019-04-18,45,Marketing Segment 1,AX#26384
52,2017-12-16,2019-04-16,491,Marketing Segment 1,AX#95570
53,2017-12-17,2019-04-28,163,Marketing Segment 3,AX#87345
54,2017-12-17,2019-04-27,267,Marketing Segment 1,AX#33896
55,2017-12-17,2019-04-07,0,Marketing Segment 2,AX#48492
56,2017-12-20,2019-04-28,67,Marketing Segment 1,AX#46094
57,2017-12-22,2019-01-13,5,Marketing Segment 2,AX#22374
58,2017-12-25,2018-03-23,0,Marketing Segment 3,AX#45724
59,2017-12-25,2018-01-30,0,Marketing Segment 3,AX#29597
60,2017-12-26,2018-10-06,1,Marketing Segment 2,AX#85671
61,2017-12-27,2017-12-29,0,Marketing Segment 1,AX#38378
62,2017-12-29,2019-04-28,159,Marketing Segment 1,AX#38339
63,2017-12-31,2019-04-28,2100,Marketing Segment 1,AX#43864
64,2018-01-03,2019-04-27,35,Marketing Segment 1,AX#44758
65,2018-01-08,2019-03-18,71,Marketing Segment 2,AX#17569
66,2018-01-09,2019-04-26,143,Marketing Segment 1,AX#24394
67,2018-01-13,2018-03-27,1,Marketing Segment 3,AX#72534
68,2018-01-13,2018-01-23,2,Marketing Segment 1,AX#47000
69,2018-01-16,2018-05-25,6,Marketing Segment 2,AX#53102
70,2018-01-16,2019-03-22,147,Marketing Segment 2,AX#59995
71,2018-01-19,2019-04-16,8,Marketing Segment 2,AX#38574
72,2018-01-21,2019-04-25,98,Marketing Segment 1,AX#93836
73,2018-01-22,2018-04-10,1,Marketing Segment 3,AX#58818
74,2018-01-22,2018-04-06,0,Marketing Segment 3,AX#24832
75,2018-01-22,2019-04-13,204,Marketing Segment 1,AX#34870
76,2018-01-23,2018-03-09,1,Marketing Segment 3,AX#43247
77,2018-01-23,2019-02-11,1,Marketing Segment 2,AX#87963
78,2018-01-24,2019-04-18,28,Marketing Segment 1,AX#42125
79,2018-01-29,2018-11-25,5,Marketing Segment 2,AX#74938
80,2018-01-29,2019-04-26,427,Marketing Segment 1,AX#75052
81,2018-01-31,2019-04-28,18332,Marketing Segment 1,AX#27139
82,2018-02-01,2019-04-22,565,Marketing Segment 1,AX#13691
83,2018-02-02,2019-04-28,565,Marketing Segment 1,AX#76215
84,2018-02-02,2019-04-28,14,Marketing Segment 1,AX#85429
85,2018-02-05,2018-05-21,4,Marketing Segment 3,AX#26237
86,2018-02-07,2019-04-25,441,Marketing Segment 2,AX#95889
87,2018-02-08,2018-04-12,9,Marketing Segment 3,AX#53513
88,2018-02-11,2019-04-27,15,Marketing Segment 1,AX#76929
89,2018-02-12,2019-03-17,176,Marketing Segment 2,AX#60771
90,2018-02-14,2019-03-02,217,Marketing Segment 2,AX#85141
91,2018-02-16,2019-04-19,1,Marketing Segment 1,AX#79104
92,2018-02-18,2019-04-28,51,Marketing Segment 1,AX#70944
93,2018-02-19,2018-08-07,25,Marketing Segment 2,AX#22877
94,2018-02-21,2019-04-28,2665,Marketing Segment 1,AX#24629
95,2018-02-23,2019-04-27,894,Marketing Segment 1,AX#47186
96,2018-02-26,2019-01-12,9,Marketing Segment 2,AX#92484
97,2018-02-26,2018-11-28,23,Marketing Segment 2,AX#73773
98,2018-02-27,2018-05-23,8,Marketing Segment 3,AX#78646
99,2018-02-28,2019-04-03,15,Marketing Segment 2,AX#19206
100,2018-03-01,2019-04-20,75,Marketing Segment 1,AX#14709
101,2018-03-01,2019-04-28,8,Marketing Segment 1,AX#41142
102,2018-03-03,2019-04-28,252,Marketing Segment 2,AX#22639
103,2018-03-04,2018-06-15,0,Marketing Segment 1,AX#34024
104,2018-03-05,2019-04-23,4,Marketing Segment 1,AX#69172
105,2018-03-07,2019-03-03,33,Marketing Segment 2,AX#74214
106,2018-03-08,2019-04-28,152,Marketing Segment 3,AX#15185
107,2018-03-09,2019-04-08,19,Marketing Segment 1,AX#68843
108,2018-03-10,2018-05-22,3,Marketing Segment 2,AX#14616
109,2018-03-10,2018-03-20,0,Marketing Segment 3,AX#97503
110,2018-03-11,2019-04-28,230,Marketing Segment 3,AX#31891
111,2018-03-13,2019-04-27,15,Marketing Segment 2,AX#16246
112,2018-03-17,2019-04-28,28,Marketing Segment 2,AX#91498
113,2018-03-18,2018-04-04,1,Marketing Segment 2,AX#95577
114,2018-03-18,2019-04-28,91,Marketing Segment 3,AX#86287
115,2018-03-20,2018-12-28,458,Marketing Segment 3,AX#28694
116,2018-03-22,2019-04-04,291,Marketing Segment 2,AX#59383
117,2018-03-25,2018-12-06,6,Marketing Segment 2,AX#84458
118,2018-03-26,2019-04-19,50,Marketing Segment 3,AX#96370
119,2018-03-27,2019-04-25,71,Marketing Segment 1,AX#90752
120,2018-03-29,2019-04-25,5,Marketing Segment 2,AX#32625
121,2018-03-30,2018-07-19,2,Marketing Segment 2,AX#17460
122,2018-03-31,2019-04-28,616,Marketing Segment 1,AX#47576
123,2018-03-31,2019-04-25,1023,Marketing Segment 2,AX#19229
124,2018-04-07,2019-03-28,6,Marketing Segment 3,AX#62530
125,2018-04-08,2018-07-13,2,Marketing Segment 2,AX#33896
126,2018-04-08,2019-04-22,107,Marketing Segment 3,AX#68162
127,2018-04-12,2019-03-29,10,Marketing Segment 2,AX#34089
128,2018-04-14,2018-10-04,185,Marketing Segment 2,AX#88371
129,2018-04-15,2019-04-20,2,Marketing Segment 2,AX#32826
130,2018-04-16,2019-04-14,26,Marketing Segment 2,AX#43515
131,2018-04-16,2019-04-28,100,Marketing Segment 2,AX#19273
132,2018-04-19,2019-04-25,2,Marketing Segment 1,AX#22878
133,2018-04-20,2019-03-22,11,Marketing Segment 1,AX#22686
134,2018-04-20,2019-04-15,36,Marketing Segment 2,AX#40386
135,2018-04-21,2019-04-27,77,Marketing Segment 2,AX#69850
136,2018-04-21,2019-04-28,45,Marketing Segment 3,AX#45042
137,2018-04-21,2019-04-28,254,Marketing Segment 3,AX#92180
138,2018-04-22,2019-03-16,789,Marketing Segment 2,AX#16084
139,2018-04-22,2019-04-20,0,Marketing Segment 2,AX#23889
140,2018-04-30,2019-04-26,108,Marketing Segment 3,AX#49044
141,2018-05-04,2019-04-28,77,Marketing Segment 1,AX#97354
142,2018-05-04,2019-04-25,335,Marketing Segment 2,AX#86535
143,2018-05-07,2019-01-11,18,Marketing Segment 3,AX#58657
144,2018-05-08,2018-08-03,1,Marketing Segment 3,AX#49487
145,2018-05-10,2019-04-11,28,Marketing Segment 1,AX#31828
146,2018-05-11,2018-09-15,5,Marketing Segment 1,AX#23648
147,2018-05-12,2019-04-27,6,Marketing Segment 3,AX#27911
148,2018-05-17,2019-04-28,188,Marketing Segment 2,AX#35612
149,2018-05-17,2019-03-16,81,Marketing Segment 3,AX#97333
150,2018-05-22,2019-04-27,115,Marketing Segment 2,AX#56582
151,2018-05-28,2019-04-28,1868,Marketing Segment 1,AX#75209
152,2018-05-29,2018-09-19,0,Marketing Segment 3,AX#91178
153,2018-06-02,2019-04-28,53,Marketing Segment 2,AX#19772
154,2018-06-02,2019-04-28,961,Marketing Segment 3,AX#12519
155,2018-06-03,2019-03-28,3,Marketing Segment 2,AX#46894
156,2018-06-03,2019-03-29,3,Marketing Segment 2,AX#96921
157,2018-06-03,2019-04-21,33,Marketing Segment 3,AX#79409
158,2018-06-05,2019-04-01,2,Marketing Segment 3,AX#37216
159,2018-06-05,2019-03-21,3,Marketing Segment 2,AX#62628
160,2018-06-06,2019-04-28,7,Marketing Segment 2,AX#88016
161,2018-06-07,2018-10-14,4,Marketing Segment 1,AX#22110
162,2018-06-08,2019-03-07,40,Marketing Segment 3,AX#78782
163,2018-06-09,2019-04-24,34,Marketing Segment 1,AX#33670
164,2018-06-10,2019-04-27,24591,Marketing Segment 2,AX#57125
165,2018-06-11,2019-04-28,51169,Marketing Segment 2,AX#42299
166,2018-06-14,2018-07-29,2,Marketing Segment 1,AX#16760
167,2018-06-15,2019-04-28,2,Marketing Segment 3,AX#51360
168,2018-06-16,2019-04-18,3,Marketing Segment 2,AX#39338
169,2018-06-16,2019-04-28,47,Marketing Segment 2,AX#22435
170,2018-06-18,2019-04-05,218,Marketing Segment 2,AX#67447
171,2018-06-18,2019-04-28,11310,Marketing Segment 2,AX#74044
172,2018-06-18,2019-03-09,17,Marketing Segment 1,AX#23474
173,2018-06-18,2019-03-12,17,Marketing Segment 2,AX#26559
174,2018-06-18,2019-04-28,687,Marketing Segment 2,AX#81023
175,2018-06-20,2018-09-26,8,Marketing Segment 1,AX#73424
176,2018-06-23,2019-04-26,5,Marketing Segment 3,AX#24744
177,2018-06-24,2018-10-13,48,Marketing Segment 3,AX#22538
178,2018-06-24,2019-03-25,18,Marketing Segment 2,AX#92206
179,2018-06-25,2019-04-28,732,Marketing Segment 1,AX#17130
180,2018-06-25,2019-04-26,140,Marketing Segment 3,AX#84601
181,2018-06-26,2018-08-17,2,Marketing Segment 3,AX#19423
182,2018-06-27,2019-03-16,7,Marketing Segment 3,AX#80355
183,2018-06-28,2019-04-28,10334,Marketing Segment 3,AX#75683
184,2018-06-28,2019-04-28,69,Marketing Segment 1,AX#19335
185,2018-07-01,2018-08-03,6,Marketing Segment 3,AX#52852
186,2018-07-03,2018-09-30,3,Marketing Segment 1,AX#17122
187,2018-07-03,2018-10-05,16,Marketing Segment 2,AX#19723
188,2018-07-03,2019-04-28,6659,Marketing Segment 2,AX#13983
189,2018-07-03,2019-04-28,69,Marketing Segment 3,AX#88231
190,2018-07-05,2018-10-07,36,Marketing Segment 2,AX#23215
191,2018-07-06,2019-04-20,22,Marketing Segment 1,AX#33470
192,2018-07-06,2019-04-21,5,Marketing Segment 3,AX#49182
193,2018-07-07,2019-04-28,377,Marketing Segment 3,AX#71789
194,2018-07-09,2019-04-28,71,Marketing Segment 2,AX#51740
195,2018-07-09,2018-11-10,12,Marketing Segment 2,AX#79950
196,2018-07-11,2018-08-23,13,Marketing Segment 1,AX#44215
197,2018-07-11,2019-02-14,85,Marketing Segment 2,AX#47772
198,2018-07-14,2018-08-14,2,Marketing Segment 3,AX#77122
199,2018-07-14,2019-04-28,10744,Marketing Segment 2,AX#10259
200,2018-07-16,2019-02-09,5,Marketing Segment 2,AX#51802
201,2018-07-16,2019-04-25,12,Marketing Segment 2,AX#54536
202,2018-07-18,2018-12-02,4,Marketing Segment 1,AX#27900
203,2018-07-20,2019-04-28,107,Marketing Segment 1,AX#13033
204,2018-07-21,2019-04-28,16015,Marketing Segment 2,AX#29180
205,2018-07-21,2019-04-25,87,Marketing Segment 2,AX#50625
206,2018-07-23,2019-04-23,2702,Marketing Segment 2,AX#48911
207,2018-07-23,2019-04-28,81,Marketing Segment 2,AX#50782
208,2018-07-23,2019-04-15,1,Marketing Segment 3,AX#82597
209,2018-07-24,2019-02-25,71,Marketing Segment 3,AX#50542
210,2018-07-27,2019-04-28,4,Marketing Segment 1,AX#74416
211,2018-07-27,2019-04-15,1,Marketing Segment 1,AX#27766
212,2018-07-28,2019-04-22,5,Marketing Segment 2,AX#38050
213,2018-07-29,2019-04-14,3,Marketing Segment 3,AX#15120
214,2018-07-31,2018-11-04,9,Marketing Segment 2,AX#19376
215,2018-07-31,2019-04-20,29,Marketing Segment 2,AX#44891
216,2018-07-31,2019-04-28,1,Marketing Segment 3,AX#89509
217,2018-07-31,2019-03-30,13,Marketing Segment 2,AX#41535
218,2018-08-01,2019-04-24,46,Marketing Segment 3,AX#52751
219,2018-08-02,2019-04-21,4226,Marketing Segment 2,AX#67062
220,2018-08-04,2019-04-14,74,Marketing Segment 2,AX#71986
221,2018-08-05,2019-04-26,64,Marketing Segment 1,AX#37581
222,2018-08-05,2018-11-23,4,Marketing Segment 1,AX#82469
223,2018-08-05,2019-04-19,30,Marketing Segment 1,AX#62109
224,2018-08-11,2019-04-07,59,Marketing Segment 1,AX#63818
225,2018-08-11,2019-04-28,765,Marketing Segment 2,AX#17033
226,2018-08-11,2019-01-25,0,Marketing Segment 3,AX#53056
227,2018-08-12,2019-04-23,221,Marketing Segment 1,AX#64287
228,2018-08-12,2019-04-28,1412,Marketing Segment 2,AX#27726
229,2018-08-12,2019-04-28,170,Marketing Segment 1,AX#56582
230,2018-08-13,2019-04-28,841,Marketing Segment 3,AX#78093
231,2018-08-14,2019-04-27,72,Marketing Segment 1,AX#33705
232,2018-08-14,2019-04-20,19,Marketing Segment 2,AX#57863
233,2018-08-14,2019-04-23,19,Marketing Segment 2,AX#67498
234,2018-08-17,2019-02-17,30,Marketing Segment 3,AX#20685
235,2018-08-17,2019-02-25,1,Marketing Segment 1,AX#68156
236,2018-08-18,2019-04-22,226,Marketing Segment 2,AX#51591
237,2018-08-19,2019-04-23,3,Marketing Segment 1,AX#38026
238,2018-08-19,2019-02-01,8,Marketing Segment 2,AX#86775
239,2018-08-19,2019-04-28,6,Marketing Segment 2,AX#42592
240,2018-08-21,2019-02-10,10,Marketing Segment 2,AX#91581
241,2018-08-22,2019-03-26,3,Marketing Segment 2,AX#95883
242,2018-08-24,2019-04-23,15,Marketing Segment 2,AX#93600
243,2018-08-26,2019-04-28,418,Marketing Segment 2,AX#11434
244,2018-08-27,2019-03-11,34,Marketing Segment 3,AX#57272
245,2018-08-28,2019-04-28,46,Marketing Segment 3,AX#82335
246,2018-08-31,2019-02-25,3,Marketing Segment 2,AX#17080
247,2018-08-31,2019-03-08,1,Marketing Segment 2,AX#15604
248,2018-08-31,2019-02-16,6,Marketing Segment 3,AX#57347
249,2018-08-31,2019-04-28,316,Marketing Segment 3,AX#89732
250,2018-08-31,2019-02-18,27,Marketing Segment 3,AX#89807
251,2018-09-01,2018-11-10,9,Marketing Segment 1,AX#93247
252,2018-09-01,2019-04-28,46,Marketing Segment 2,AX#31860
253,2018-09-01,2019-03-07,26,Marketing Segment 3,AX#57422
254,2018-09-01,2019-03-08,0,Marketing Segment 2,AX#67505
255,2018-09-02,2019-04-22,94,Marketing Segment 3,AX#96688
256,2018-09-03,2019-04-20,31,Marketing Segment 1,AX#48747
257,2018-09-03,2019-04-27,24,Marketing Segment 1,AX#29254
258,2018-09-03,2019-04-25,370,Marketing Segment 2,AX#37895
259,2018-09-04,2019-04-25,311,Marketing Segment 1,AX#46322
260,2018-09-04,2019-03-09,14,Marketing Segment 3,AX#75687
261,2018-09-04,2019-03-28,73,Marketing Segment 3,AX#72026
262,2018-09-05,2018-12-12,39,Marketing Segment 2,AX#14562
263,2018-09-07,2018-09-15,1,Marketing Segment 3,AX#40983
264,2018-09-07,2019-03-15,12,Marketing Segment 1,AX#49304
265,2018-09-07,2019-03-25,15,Marketing Segment 2,AX#49157
266,2018-09-08,2019-02-21,1,Marketing Segment 3,AX#39992
267,2018-09-08,2019-04-12,1145,Marketing Segment 3,AX#89037
268,2018-09-09,2019-01-28,2,Marketing Segment 2,AX#45444
269,2018-09-09,2019-04-28,542,Marketing Segment 2,AX#52457
270,2018-09-11,2019-04-16,13,Marketing Segment 1,AX#16177
271,2018-09-11,2019-04-27,9,Marketing Segment 2,AX#61940
272,2018-09-12,2019-03-02,59,Marketing Segment 2,AX#75249
273,2018-09-12,2019-04-21,5,Marketing Segment 3,AX#61682
274,2018-09-13,2019-04-28,192,Marketing Segment 3,AX#63366
275,2018-09-14,2018-09-14,0,Marketing Segment 3,AX#58909
276,2018-09-14,2019-04-26,3188,Marketing Segment 2,AX#16152
277,2018-09-15,2019-04-14,6,Marketing Segment 3,AX#63318
278,2018-09-15,2019-04-08,68,Marketing Segment 1,AX#30805
279,2018-09-16,2019-04-06,19,Marketing Segment 3,AX#72567
280,2018-09-16,2019-04-27,23,Marketing Segment 3,AX#73288
281,2018-09-16,2019-03-01,5,Marketing Segment 2,AX#88292
282,2018-09-17,2019-04-25,1410,Marketing Segment 3,AX#59434
283,2018-09-18,2019-01-31,1,Marketing Segment 1,AX#70579
284,2018-09-18,2019-02-24,0,Marketing Segment 1,AX#83475
285,2018-09-18,2019-04-28,222,Marketing Segment 2,AX#43928
286,2018-09-18,2019-04-28,6564,Marketing Segment 3,AX#11279
287,2018-09-18,2019-04-01,3,Marketing Segment 3,AX#94520
288,2018-09-18,2019-04-01,13,Marketing Segment 3,AX#28607
289,2018-09-18,2019-04-23,398,Marketing Segment 3,AX#71946
290,2018-09-18,2019-04-25,1,Marketing Segment 3,AX#15889
291,2018-09-18,2018-09-17,0,Marketing Segment 3,AX#28645
292,2018-09-18,2018-09-18,0,Marketing Segment 3,AX#87005
293,2018-09-18,2018-09-18,0,Marketing Segment 3,AX#39653
294,2018-09-18,2018-11-27,3,Marketing Segment 3,AX#13658
295,2018-09-18,2018-12-08,0,Marketing Segment 3,AX#33826
296,2018-09-18,2019-04-28,10,Marketing Segment 1,AX#44651
297,2018-09-19,2019-03-26,0,Marketing Segment 1,AX#29772
298,2018-09-19,2019-01-17,0,Marketing Segment 1,AX#37092
299,2018-09-19,2019-03-29,4,Marketing Segment 2,AX#31032
300,2018-09-19,2019-03-11,0,Marketing Segment 3,AX#17802
301,2018-09-21,2018-10-13,0,Marketing Segment 3,AX#86610
302,2018-09-21,2019-04-20,42,Marketing Segment 3,AX#71231
303,2018-09-24,2019-02-08,5,Marketing Segment 2,AX#25621
304,2018-09-24,2019-04-27,100,Marketing Segment 1,AX#63288
305,2018-09-24,2019-04-26,124,Marketing Segment 2,AX#86915
306,2018-09-25,2019-01-21,21,Marketing Segment 3,AX#50235
307,2018-09-27,2019-04-28,96,Marketing Segment 2,AX#97748
308,2018-09-27,2019-04-28,7,Marketing Segment 3,AX#92920
309,2018-09-28,2018-11-02,3,Marketing Segment 3,AX#33853
310,2018-09-28,2019-04-28,10,Marketing Segment 1,AX#86681
311,2018-09-28,2019-04-21,33,Marketing Segment 1,AX#54803
312,2018-09-28,2019-04-28,215,Marketing Segment 2,AX#57565
313,2018-09-29,2019-04-07,4,Marketing Segment 2,AX#91469
314,2018-09-30,2019-04-26,41,Marketing Segment 1,AX#93579
315,2018-09-30,2019-04-02,11,Marketing Segment 3,AX#62141
316,2018-09-30,2019-04-28,184,Marketing Segment 3,AX#67928
317,2018-10-01,2019-04-02,4,Marketing Segment 2,AX#42730
318,2018-10-01,2019-04-24,39,Marketing Segment 3,AX#23975
319,2018-10-03,2019-04-27,138,Marketing Segment 2,AX#85157
320,2018-10-04,2019-02-20,18,Marketing Segment 2,AX#26571
321,2018-10-05,2018-12-27,10,Marketing Segment 3,AX#65425
322,2018-10-05,2019-04-26,1,Marketing Segment 2,AX#12986
323,2018-10-05,2019-04-13,2,Marketing Segment 3,AX#49775
324,2018-10-06,2018-10-06,1,Marketing Segment 2,AX#62046
325,2018-10-06,2019-04-21,17,Marketing Segment 1,AX#74017
326,2018-10-06,2019-03-16,19,Marketing Segment 1,AX#50714
327,2018-10-07,2018-12-01,2,Marketing Segment 3,AX#77213
328,2018-10-07,2018-11-12,4,Marketing Segment 3,AX#66724
329,2018-10-07,2019-04-28,63,Marketing Segment 3,AX#51929
330,2018-10-07,2019-03-01,22,Marketing Segment 3,AX#98529
331,2018-10-07,2019-04-26,11,Marketing Segment 3,AX#72312
332,2018-10-09,2019-04-20,134,Marketing Segment 2,AX#19435
333,2018-10-10,2019-04-24,3,Marketing Segment 2,AX#66935
334,2018-10-11,2019-04-28,1429,Marketing Segment 2,AX#56813
335,2018-10-12,2018-10-13,1,Marketing Segment 2,AX#50096
336,2018-10-12,2019-04-28,293,Marketing Segment 1,AX#91216
337,2018-10-13,2019-04-28,20,Marketing Segment 2,AX#25777
338,2018-10-13,2019-04-27,4,Marketing Segment 1,AX#40755
339,2018-10-13,2019-04-26,19,Marketing Segment 3,AX#68783
340,2018-10-13,2019-04-16,3,Marketing Segment 1,AX#47508
341,2018-10-14,2019-03-22,2,Marketing Segment 2,AX#90801
342,2018-10-15,2019-04-12,3,Marketing Segment 2,AX#87676
343,2018-10-15,2019-04-24,503,Marketing Segment 2,AX#60627
344,2018-10-16,2018-10-23,1,Marketing Segment 2,AX#26417
345,2018-10-16,2019-04-08,66,Marketing Segment 3,AX#12453
346,2018-10-18,2019-04-13,14,Marketing Segment 2,AX#23993
347,2018-10-19,2019-02-25,11,Marketing Segment 1,AX#97396
348,2018-10-20,2019-04-26,4,Marketing Segment 3,AX#69846
349,2018-10-21,2019-04-23,5,Marketing Segment 2,AX#90116
350,2018-10-22,2019-04-27,37,Marketing Segment 1,AX#22682
351,2018-10-22,2019-04-28,11,Marketing Segment 3,AX#55135
352,2018-10-22,2019-03-09,8,Marketing Segment 2,AX#23655
353,2018-10-24,2019-04-28,18,Marketing Segment 3,AX#37688
354,2018-10-24,2019-01-15,0,Marketing Segment 3,AX#18986
355,2018-10-25,2019-04-26,490,Marketing Segment 2,AX#59549
356,2018-10-26,2018-10-26,0,Marketing Segment 3,AX#98385
357,2018-10-26,2019-04-25,30,Marketing Segment 1,AX#85785
358,2018-10-26,2019-04-28,148,Marketing Segment 1,AX#16528
359,2018-10-26,2019-04-28,21,Marketing Segment 2,AX#37122
360,2018-10-27,2018-10-27,0,Marketing Segment 3,AX#34436
361,2018-10-27,2019-04-25,14,Marketing Segment 3,AX#62450
362,2018-10-27,2019-04-26,2,Marketing Segment 3,AX#94818
363,2018-10-27,2019-04-28,70,Marketing Segment 3,AX#68305
364,2018-10-27,2019-04-28,14,Marketing Segment 3,AX#10695
365,2018-10-28,2019-04-27,29,Marketing Segment 1,AX#97752
366,2018-10-29,2018-12-18,6,Marketing Segment 2,AX#23207
367,2018-10-30,2019-04-28,19,Marketing Segment 1,AX#87066
368,2018-10-30,2019-04-28,29,Marketing Segment 1,AX#75310
369,2018-10-30,2019-03-22,2,Marketing Segment 2,AX#26959
370,2018-10-30,2019-03-19,39,Marketing Segment 2,AX#13976
371,2018-10-31,2019-04-22,28,Marketing Segment 3,AX#62048
372,2018-11-02,2019-01-11,19,Marketing Segment 2,AX#17609
373,2018-11-02,2019-04-28,20,Marketing Segment 1,AX#56182
374,2018-11-03,2019-04-28,98,Marketing Segment 2,AX#39089
375,2018-11-03,2019-04-26,1,Marketing Segment 3,AX#80024
376,2018-11-04,2019-04-14,16,Marketing Segment 3,AX#95611
377,2018-11-04,2019-04-26,10,Marketing Segment 3,AX#33701
378,2018-11-05,2019-03-09,2,Marketing Segment 1,AX#59716
379,2018-11-05,2019-04-27,40,Marketing Segment 3,AX#79739
380,2018-11-05,2018-12-19,1,Marketing Segment 3,AX#62528
381,2018-11-06,2019-04-28,672,Marketing Segment 3,AX#68689
382,2018-11-07,2018-11-13,3,Marketing Segment 1,AX#38080
383,2018-11-07,2018-12-25,3,Marketing Segment 2,AX#73723
384,2018-11-07,2019-04-20,19,Marketing Segment 2,AX#84732
385,2018-11-07,2019-03-26,26,Marketing Segment 3,AX#80553
386,2018-11-07,2019-04-28,24,Marketing Segment 3,AX#58827
387,2018-11-07,2019-04-04,95,Marketing Segment 1,AX#86253
388,2018-11-09,2019-04-28,3,Marketing Segment 2,AX#18936
389,2018-11-09,2018-12-17,9,Marketing Segment 3,AX#11176
390,2018-11-10,2019-04-24,37,Marketing Segment 2,AX#43297
391,2018-11-10,2019-04-25,22,Marketing Segment 3,AX#82225
392,2018-11-10,2019-04-28,121,Marketing Segment 3,AX#12955
393,2018-11-11,2019-04-13,8,Marketing Segment 1,AX#34924
394,2018-11-11,2019-04-27,6,Marketing Segment 1,AX#37499
395,2018-11-12,2019-01-05,2,Marketing Segment 2,AX#83986
396,2018-11-12,2019-03-16,70,Marketing Segment 1,AX#30562
397,2018-11-12,2019-04-28,54,Marketing Segment 2,AX#11171
398,2018-11-13,2018-11-29,3,Marketing Segment 2,AX#43849
399,2018-11-14,2019-04-28,7,Marketing Segment 1,AX#10114
400,2018-11-14,2019-04-28,960,Marketing Segment 2,AX#85757
401,2018-11-15,2019-04-27,70,Marketing Segment 2,AX#26211
402,2018-11-15,2019-04-28,119,Marketing Segment 2,AX#96582
403,2018-11-15,2019-02-28,41,Marketing Segment 3,AX#98473
404,2018-11-16,2019-03-31,211,Marketing Segment 2,AX#46372
405,2018-11-17,2019-04-19,99,Marketing Segment 2,AX#81598
406,2018-11-17,2019-03-22,1,Marketing Segment 1,AX#76451
407,2018-11-18,2018-11-18,2,Marketing Segment 2,AX#96692
408,2018-11-18,2019-04-27,57,Marketing Segment 2,AX#92337
409,2018-11-21,2018-12-12,7,Marketing Segment 2,AX#54814
410,2018-11-21,2019-04-27,7,Marketing Segment 3,AX#19519
411,2018-11-22,2019-04-27,53,Marketing Segment 2,AX#97380
412,2018-11-23,2019-04-27,16,Marketing Segment 3,AX#22534
413,2018-11-24,2019-01-31,30,Marketing Segment 1,AX#49515
414,2018-11-25,2019-04-08,3,Marketing Segment 3,AX#52218
415,2018-11-25,2019-04-27,61,Marketing Segment 3,AX#81643
416,2018-11-25,2019-03-22,20,Marketing Segment 3,AX#71933
417,2018-11-26,2019-04-19,3,Marketing Segment 2,AX#27988
418,2018-11-26,2019-04-27,54,Marketing Segment 2,AX#23772
419,2018-11-26,2019-04-28,464,Marketing Segment 2,AX#91076
420,2018-11-26,2019-04-26,1955,Marketing Segment 3,AX#90908
421,2018-11-27,2019-04-28,489,Marketing Segment 2,AX#20968
422,2018-11-27,2019-04-21,7,Marketing Segment 1,AX#19248
423,2018-11-28,2019-04-22,136,Marketing Segment 2,AX#63570
424,2018-11-28,2019-04-24,26,Marketing Segment 2,AX#40733
425,2018-11-28,2019-04-28,34,Marketing Segment 2,AX#45257
426,2018-11-28,2019-04-27,143,Marketing Segment 2,AX#66021
427,2018-11-29,2019-04-06,32,Marketing Segment 2,AX#14255
428,2018-11-30,2019-04-27,16,Marketing Segment 1,AX#64691
429,2018-11-30,2019-04-28,23,Marketing Segment 2,AX#45798
430,2018-11-30,2019-04-02,106,Marketing Segment 3,AX#21975
431,2018-12-01,2019-04-27,8,Marketing Segment 1,AX#50726
432,2018-12-02,2019-04-28,5612,Marketing Segment 2,AX#46308
433,2018-12-02,2019-04-27,4,Marketing Segment 3,AX#69188
434,2018-12-02,2019-02-28,35,Marketing Segment 3,AX#67401
435,2018-12-02,2019-04-13,781,Marketing Segment 1,AX#81736
436,2018-12-03,2018-12-31,13,Marketing Segment 2,AX#58989
437,2018-12-03,2019-02-01,4,Marketing Segment 3,AX#66843
438,2018-12-03,2019-04-28,2,Marketing Segment 1,AX#67892
439,2018-12-03,2019-04-27,20,Marketing Segment 2,AX#96155
440,2018-12-03,2019-04-28,207,Marketing Segment 2,AX#93494
441,2018-12-03,2019-03-31,14,Marketing Segment 3,AX#28008
442,2018-12-03,2019-04-08,7,Marketing Segment 3,AX#11948
443,2018-12-03,2019-04-28,29,Marketing Segment 3,AX#69146
444,2018-12-03,2019-04-28,16,Marketing Segment 3,AX#95234
445,2018-12-05,2019-01-26,8,Marketing Segment 2,AX#67832
446,2018-12-05,2019-04-28,16,Marketing Segment 2,AX#74740
447,2018-12-05,2019-04-27,9,Marketing Segment 3,AX#16838
448,2018-12-05,2019-01-26,10,Marketing Segment 3,AX#62837
449,2018-12-06,2019-04-12,4,Marketing Segment 2,AX#16827
450,2018-12-06,2019-02-10,15,Marketing Segment 3,AX#36338
451,2018-12-06,2019-04-27,16,Marketing Segment 3,AX#93397
452,2018-12-06,2019-04-22,1,Marketing Segment 1,AX#40558
453,2018-12-06,2019-04-22,126,Marketing Segment 2,AX#36180
454,2018-12-07,2019-02-21,10,Marketing Segment 1,AX#34055
455,2018-12-07,2019-04-26,136,Marketing Segment 2,AX#44994
456,2018-12-07,2019-04-27,157,Marketing Segment 2,AX#82395
457,2018-12-08,2019-04-16,8,Marketing Segment 3,AX#47253
458,2018-12-08,2019-04-28,180,Marketing Segment 1,AX#71350
459,2018-12-08,2019-04-28,7,Marketing Segment 2,AX#57449
460,2018-12-08,2019-02-11,31,Marketing Segment 2,AX#92856
461,2018-12-08,2019-02-27,2,Marketing Segment 2,AX#43737
462,2018-12-09,2019-04-07,5,Marketing Segment 2,AX#83849
463,2018-12-09,2019-04-28,38,Marketing Segment 2,AX#61532
464,2018-12-09,2019-04-28,478,Marketing Segment 2,AX#89983
465,2018-12-09,2019-04-26,23,Marketing Segment 3,AX#67211
466,2018-12-09,2019-04-26,28,Marketing Segment 3,AX#98672
467,2018-12-09,2019-03-22,16,Marketing Segment 2,AX#94592
468,2018-12-10,2019-04-28,218,Marketing Segment 1,AX#62038
469,2018-12-10,2019-04-28,569,Marketing Segment 1,AX#27899
470,2018-12-10,2019-04-28,78,Marketing Segment 2,AX#15048
471,2018-12-10,2019-03-03,3,Marketing Segment 1,AX#76624
472,2018-12-11,2019-02-03,1,Marketing Segment 2,AX#22616
473,2018-12-11,2019-04-28,39,Marketing Segment 3,AX#60872
474,2018-12-12,2019-02-22,14,Marketing Segment 3,AX#90599
475,2018-12-13,2019-04-28,107,Marketing Segment 1,AX#38955
476,2018-12-13,2019-04-28,42,Marketing Segment 2,AX#61740
477,2018-12-13,2019-01-03,11,Marketing Segment 2,AX#92524
478,2018-12-14,2019-04-28,18,Marketing Segment 2,AX#32645
479,2018-12-14,2019-04-28,13,Marketing Segment 3,AX#23201
480,2018-12-14,2019-04-24,3,Marketing Segment 1,AX#87965
481,2018-12-14,2019-03-31,42,Marketing Segment 2,AX#26961
482,2018-12-15,2019-04-27,9,Marketing Segment 1,AX#31870
483,2018-12-15,2019-04-28,121,Marketing Segment 1,AX#78217
484,2018-12-15,2019-04-28,18,Marketing Segment 2,AX#29830
485,2018-12-15,2019-03-04,5,Marketing Segment 3,AX#78535
486,2018-12-15,2019-04-01,7,Marketing Segment 3,AX#44610
487,2018-12-16,2019-04-28,5,Marketing Segment 1,AX#31663
488,2018-12-16,2019-04-28,532,Marketing Segment 2,AX#83645
489,2018-12-16,2019-04-28,61,Marketing Segment 3,AX#39469
490,2018-12-17,2019-04-23,7,Marketing Segment 1,AX#11534
491,2018-12-17,2019-04-28,142,Marketing Segment 1,AX#85108
492,2018-12-17,2019-04-28,312,Marketing Segment 2,AX#71538
493,2018-12-17,2019-04-28,15,Marketing Segment 3,AX#67294
494,2018-12-17,2019-04-20,17,Marketing Segment 3,AX#90602
495,2018-12-17,2019-04-28,5,Marketing Segment 3,AX#77692
496,2018-12-18,2019-04-25,5,Marketing Segment 1,AX#85362
497,2018-12-18,2019-04-23,30,Marketing Segment 3,AX#53115
498,2018-12-18,2019-03-08,18,Marketing Segment 3,AX#93207
499,2018-12-19,2019-04-25,44,Marketing Segment 3,AX#53067
500,2018-12-19,2019-04-28,78,Marketing Segment 1,AX#83869
501,2018-12-20,2019-04-28,4,Marketing Segment 1,AX#52930
502,2018-12-20,2019-04-27,63,Marketing Segment 2,AX#42332
503,2018-12-20,2019-04-22,34,Marketing Segment 3,AX#94242
504,2018-12-21,2019-04-24,22,Marketing Segment 1,AX#85683
505,2018-12-21,2019-04-27,5,Marketing Segment 3,AX#87014
506,2018-12-21,2019-03-22,38,Marketing Segment 3,AX#38824
507,2018-12-22,2019-03-23,25,Marketing Segment 2,AX#95344
508,2018-12-22,2019-04-24,203,Marketing Segment 2,AX#24829
509,2018-12-22,2019-04-28,272,Marketing Segment 2,AX#96348
510,2018-12-22,2019-01-31,31,Marketing Segment 2,AX#79175
511,2018-12-22,2019-04-28,13,Marketing Segment 3,AX#65721
512,2018-12-22,2019-04-28,45,Marketing Segment 3,AX#79130
513,2018-12-23,2019-02-10,8,Marketing Segment 3,AX#49673
514,2018-12-23,2019-04-05,5,Marketing Segment 2,AX#27309
515,2018-12-23,2019-04-24,7,Marketing Segment 3,AX#36693
516,2018-12-24,2019-04-28,10,Marketing Segment 1,AX#30698
517,2018-12-24,2019-03-26,12,Marketing Segment 2,AX#66273
518,2018-12-24,2019-04-22,14,Marketing Segment 2,AX#24657
519,2018-12-24,2019-04-28,18,Marketing Segment 3,AX#52875
520,2018-12-24,2019-04-20,18,Marketing Segment 1,AX#27116
521,2018-12-24,2019-03-27,9,Marketing Segment 2,AX#79266
522,2018-12-25,2019-04-28,28,Marketing Segment 1,AX#47626
523,2018-12-25,2019-04-28,18,Marketing Segment 2,AX#43648
524,2018-12-26,2019-04-28,45,Marketing Segment 2,AX#14801
525,2018-12-27,2019-04-19,12,Marketing Segment 2,AX#20621
526,2018-12-27,2019-04-18,5,Marketing Segment 2,AX#93584
527,2018-12-27,2019-04-27,5,Marketing Segment 3,AX#15151
528,2018-12-28,2019-04-28,1611,Marketing Segment 1,AX#67218
529,2018-12-28,2019-04-07,2,Marketing Segment 2,AX#28006
530,2018-12-28,2019-04-28,117,Marketing Segment 2,AX#17512
531,2018-12-28,2019-04-16,152,Marketing Segment 3,AX#66203
532,2018-12-28,2019-04-17,16,Marketing Segment 3,AX#12785
533,2018-12-29,2019-04-26,10,Marketing Segment 3,AX#14045
534,2018-12-29,2019-04-07,11,Marketing Segment 2,AX#69883
535,2018-12-29,2019-04-27,36,Marketing Segment 3,AX#52599
536,2018-12-29,2019-04-01,34,Marketing Segment 3,AX#88354
537,2018-12-29,2019-04-02,94,Marketing Segment 3,AX#76000
538,2018-12-29,2019-04-11,89,Marketing Segment 3,AX#30714
539,2018-12-30,2019-04-26,301,Marketing Segment 2,AX#62242
540,2018-12-30,2019-03-18,3,Marketing Segment 3,AX#98218
541,2018-12-31,2019-03-26,2,Marketing Segment 2,AX#73212
542,2019-01-01,2019-04-22,69,Marketing Segment 2,AX#60680
543,2019-01-01,2019-04-27,58,Marketing Segment 2,AX#66327
544,2019-01-01,2019-04-28,3,Marketing Segment 3,AX#32989
545,2019-01-02,2019-04-26,75,Marketing Segment 2,AX#71301
546,2019-01-02,2019-04-28,179,Marketing Segment 2,AX#84453
547,2019-01-03,2019-04-28,624,Marketing Segment 2,AX#90671
548,2019-01-03,2019-04-28,21,Marketing Segment 2,AX#24836
549,2019-01-03,2019-01-22,4,Marketing Segment 2,AX#76167
550,2019-01-03,2019-04-28,4,Marketing Segment 3,AX#25600
551,2019-01-04,2019-04-28,635,Marketing Segment 2,AX#18090
552,2019-01-04,2019-04-28,110,Marketing Segment 2,AX#84649
553,2019-01-04,2019-02-16,2,Marketing Segment 2,AX#84513
554,2019-01-04,2019-04-26,17,Marketing Segment 3,AX#63300
555,2019-01-05,2019-04-28,97,Marketing Segment 1,AX#44318
556,2019-01-05,2019-04-15,2,Marketing Segment 2,AX#13953
557,2019-01-06,2019-04-21,14,Marketing Segment 2,AX#12689
558,2019-01-07,2019-04-28,61,Marketing Segment 2,AX#58759
559,2019-01-07,2019-04-17,1,Marketing Segment 3,AX#57888
560,2019-01-08,2019-02-16,0,Marketing Segment 3,AX#71956
561,2019-01-09,2019-04-27,38,Marketing Segment 2,AX#14288
562,2019-01-10,2019-04-26,65,Marketing Segment 1,AX#39739
563,2019-01-10,2019-04-28,33,Marketing Segment 3,AX#38581
564,2019-01-11,2019-04-28,745,Marketing Segment 2,AX#49585
565,2019-01-12,2019-04-12,91,Marketing Segment 3,AX#32845
566,2019-01-12,2019-04-17,5,Marketing Segment 3,AX#93826
567,2019-01-13,2019-02-10,0,Marketing Segment 3,AX#78755
568,2019-01-13,2019-04-07,20,Marketing Segment 1,AX#18052
569,2019-01-13,2019-04-28,0,Marketing Segment 1,AX#19070
570,2019-01-13,2019-04-27,22,Marketing Segment 3,AX#90793
571,2019-01-13,2019-03-23,9,Marketing Segment 3,AX#44567
572,2019-01-13,2019-04-28,11,Marketing Segment 3,AX#45672
573,2019-01-14,2019-01-26,2,Marketing Segment 1,AX#21740
574,2019-01-14,2019-04-28,29,Marketing Segment 2,AX#68022
575,2019-01-14,2019-04-12,12,Marketing Segment 3,AX#23952
576,2019-01-14,2019-04-14,2,Marketing Segment 3,AX#29421
577,2019-01-14,2019-04-27,6,Marketing Segment 3,AX#31548
578,2019-01-14,2019-04-28,0,Marketing Segment 3,AX#58884
579,2019-01-15,2019-04-27,2,Marketing Segment 1,AX#68640
580,2019-01-15,2019-04-28,1,Marketing Segment 2,AX#74414
581,2019-01-15,2019-01-15,1,Marketing Segment 2,AX#75376
582,2019-01-15,2019-03-01,0,Marketing Segment 2,AX#80578
583,2019-01-15,2019-03-05,8,Marketing Segment 2,AX#98410
584,2019-01-16,2019-04-14,12,Marketing Segment 2,AX#58557
585,2019-01-16,2019-04-27,45,Marketing Segment 2,AX#67541
586,2019-01-17,2019-04-28,758,Marketing Segment 3,AX#87972
587,2019-01-18,2019-04-28,97,Marketing Segment 2,AX#63853
588,2019-01-18,2019-02-26,3,Marketing Segment 2,AX#70060
589,2019-01-19,2019-04-13,31,Marketing Segment 2,AX#66464
590,2019-01-19,2019-04-28,202,Marketing Segment 2,AX#72826
591,2019-01-19,2019-03-08,5,Marketing Segment 3,AX#29662
592,2019-01-20,2019-02-11,1,Marketing Segment 2,AX#22339
593,2019-01-20,2019-04-23,16,Marketing Segment 2,AX#39201
594,2019-01-21,2019-04-28,4,Marketing Segment 3,AX#46289
595,2019-01-21,2019-04-28,17,Marketing Segment 3,AX#27441
596,2019-01-22,2019-04-28,748,Marketing Segment 2,AX#76781
597,2019-01-22,2019-04-26,61,Marketing Segment 3,AX#70550
598,2019-01-22,2019-03-02,3,Marketing Segment 1,AX#76511
599,2019-01-23,2019-04-27,5,Marketing Segment 1,AX#88573
600,2019-01-23,2019-03-16,4,Marketing Segment 1,AX#98865
601,2019-01-23,2019-03-06,497,Marketing Segment 3,AX#59809
602,2019-01-23,2019-04-28,1,Marketing Segment 3,AX#87528
603,2019-01-23,2019-04-13,43,Marketing Segment 1,AX#95780
604,2019-01-24,2019-03-27,3,Marketing Segment 3,AX#78033
605,2019-01-24,2019-04-20,109,Marketing Segment 3,AX#90354
606,2019-01-25,2019-04-25,37,Marketing Segment 2,AX#15162
607,2019-01-25,2019-02-27,1,Marketing Segment 3,AX#51170
608,2019-01-25,2019-03-18,3,Marketing Segment 2,AX#96748
609,2019-01-26,2019-03-29,29,Marketing Segment 2,AX#51785
610,2019-01-26,2019-04-27,45,Marketing Segment 2,AX#47642
611,2019-01-26,2019-04-28,179,Marketing Segment 2,AX#15397
612,2019-01-26,2019-04-24,5,Marketing Segment 3,AX#44976
613,2019-01-26,2019-04-16,1,Marketing Segment 2,AX#58982
614,2019-01-27,2019-04-09,65,Marketing Segment 2,AX#81847
615,2019-01-27,2019-04-22,235,Marketing Segment 2,AX#56540
616,2019-01-27,2019-04-28,1107,Marketing Segment 2,AX#96393
617,2019-01-27,2019-04-28,451,Marketing Segment 2,AX#41742
618,2019-01-27,2019-02-09,1,Marketing Segment 2,AX#89206
619,2019-01-27,2019-04-24,2,Marketing Segment 3,AX#88952
620,2019-01-28,2019-04-25,23,Marketing Segment 2,AX#64456
621,2019-01-29,2019-04-20,90,Marketing Segment 2,AX#47154
622,2019-01-29,2019-04-26,1,Marketing Segment 3,AX#93152
623,2019-01-29,2019-03-31,22,Marketing Segment 2,AX#93087
624,2019-01-30,2019-04-19,1,Marketing Segment 3,AX#94925
625,2019-01-30,2019-04-22,27,Marketing Segment 3,AX#77290
626,2019-01-30,2019-03-21,5,Marketing Segment 3,AX#79366
627,2019-01-31,2019-04-28,12,Marketing Segment 1,AX#42276
628,2019-01-31,2019-04-28,134,Marketing Segment 2,AX#24635
629,2019-02-01,2019-02-23,14,Marketing Segment 2,AX#67693
630,2019-02-01,2019-04-21,27,Marketing Segment 1,AX#95030
631,2019-02-01,2019-04-19,6,Marketing Segment 3,AX#54192
632,2019-02-02,2019-04-20,6,Marketing Segment 2,AX#74595
633,2019-02-02,2019-04-28,28,Marketing Segment 2,AX#33514
634,2019-02-02,2019-04-28,6,Marketing Segment 2,AX#41087
635,2019-02-03,2019-04-11,0,Marketing Segment 1,AX#98071
636,2019-02-03,2019-04-12,0,Marketing Segment 2,AX#59025
637,2019-02-03,2019-04-13,12,Marketing Segment 2,AX#64920
638,2019-02-03,2019-03-18,0,Marketing Segment 3,AX#90848
639,2019-02-04,2019-04-28,183,Marketing Segment 1,AX#59947
640,2019-02-04,2019-04-28,4,Marketing Segment 3,AX#52206
641,2019-02-04,2019-04-26,11,Marketing Segment 1,AX#45144
642,2019-02-04,2019-03-07,1,Marketing Segment 3,AX#76860
643,2019-02-05,2019-04-28,47,Marketing Segment 2,AX#30054
644,2019-02-05,2019-04-28,17,Marketing Segment 2,AX#12587
645,2019-02-05,2019-04-15,5,Marketing Segment 3,AX#13658
646,2019-02-05,2019-03-08,2,Marketing Segment 3,AX#23716
647,2019-02-05,2019-03-29,4,Marketing Segment 2,AX#33692
648,2019-02-06,2019-04-20,19,Marketing Segment 2,AX#66770
649,2019-02-08,2019-04-28,36,Marketing Segment 2,AX#53146
650,2019-02-08,2019-04-20,2,Marketing Segment 3,AX#86626
651,2019-02-08,2019-04-08,197,Marketing Segment 1,AX#82120
652,2019-02-09,2019-04-27,11,Marketing Segment 2,AX#25819
653,2019-02-09,2019-04-28,481,Marketing Segment 2,AX#22056
654,2019-02-10,2019-04-14,132,Marketing Segment 1,AX#86847
655,2019-02-10,2019-03-15,2,Marketing Segment 3,AX#96356
656,2019-02-10,2019-04-16,1,Marketing Segment 3,AX#32393
657,2019-02-11,2019-04-14,9,Marketing Segment 1,AX#56862
658,2019-02-11,2019-04-23,3,Marketing Segment 2,AX#26861
659,2019-02-11,2019-03-26,3,Marketing Segment 3,AX#97308
660,2019-02-11,2019-04-21,5,Marketing Segment 3,AX#43194
661,2019-02-11,2019-04-28,281,Marketing Segment 3,AX#86510
662,2019-02-12,2019-04-28,19,Marketing Segment 2,AX#18896
663,2019-02-12,2019-04-13,18,Marketing Segment 3,AX#77421
664,2019-02-12,2019-03-16,1,Marketing Segment 3,AX#30456
665,2019-02-13,2019-04-25,2,Marketing Segment 1,AX#44522
666,2019-02-13,2019-04-16,2,Marketing Segment 3,AX#49620
667,2019-02-14,2019-03-09,4,Marketing Segment 1,AX#71168
668,2019-02-14,2019-04-28,26,Marketing Segment 2,AX#80260
669,2019-02-15,2019-04-28,16,Marketing Segment 1,AX#63798
670,2019-02-15,2019-04-22,2,Marketing Segment 2,AX#85469
671,2019-02-16,2019-04-27,1,Marketing Segment 1,AX#47676
672,2019-02-16,2019-04-28,1845,Marketing Segment 1,AX#53748
673,2019-02-16,2019-04-28,65,Marketing Segment 1,AX#54591
674,2019-02-16,2019-04-22,8,Marketing Segment 2,AX#29351
675,2019-02-16,2019-04-28,2425,Marketing Segment 2,AX#69767
676,2019-02-16,2019-04-03,15,Marketing Segment 3,AX#12437
677,2019-02-17,2019-04-04,2,Marketing Segment 1,AX#80774
678,2019-02-17,2019-04-27,1,Marketing Segment 1,AX#28960
679,2019-02-17,2019-03-23,10,Marketing Segment 3,AX#98628
680,2019-02-18,2019-04-28,2,Marketing Segment 2,AX#78680
681,2019-02-18,2019-04-26,19,Marketing Segment 3,AX#52317
682,2019-02-18,2019-04-14,0,Marketing Segment 1,AX#76650
683,2019-02-19,2019-04-20,22,Marketing Segment 2,AX#40499
684,2019-02-19,2019-04-17,1,Marketing Segment 3,AX#65166
685,2019-02-19,2019-04-22,26,Marketing Segment 2,AX#11814
686,2019-02-19,2019-03-18,7,Marketing Segment 2,AX#93975
687,2019-02-20,2019-04-22,19,Marketing Segment 3,AX#43222
688,2019-02-20,2019-02-20,0,Marketing Segment 3,AX#15601
689,2019-02-20,2019-03-24,1,Marketing Segment 3,AX#36264
690,2019-02-20,2019-04-22,4,Marketing Segment 3,AX#51111
691,2019-02-21,2019-04-28,10,Marketing Segment 2,AX#98628
692,2019-02-21,2019-04-28,279,Marketing Segment 3,AX#97918
693,2019-02-21,2019-03-08,0,Marketing Segment 3,AX#59134
694,2019-02-21,2019-03-02,2,Marketing Segment 3,AX#13495
695,2019-02-22,2019-04-12,1,Marketing Segment 2,AX#35192
696,2019-02-22,2019-04-22,6,Marketing Segment 2,AX#63877
697,2019-02-22,2019-04-25,0,Marketing Segment 2,AX#35491
698,2019-02-22,2019-04-27,22,Marketing Segment 2,AX#39759
699,2019-02-22,2019-04-28,11,Marketing Segment 2,AX#97320
700,2019-02-22,2019-04-27,7,Marketing Segment 3,AX#32906
701,2019-02-22,2019-04-25,6,Marketing Segment 3,AX#12066
702,2019-02-22,2019-04-26,10,Marketing Segment 3,AX#62706
703,2019-02-23,2019-04-28,2,Marketing Segment 2,AX#46869
704,2019-02-23,2019-04-28,5,Marketing Segment 2,AX#78825
705,2019-02-23,2019-04-28,1956,Marketing Segment 2,AX#13119
706,2019-02-23,2019-04-28,122,Marketing Segment 2,AX#43803
707,2019-02-23,2019-04-28,16,Marketing Segment 3,AX#41765
708,2019-02-23,2019-03-19,1,Marketing Segment 2,AX#40035
709,2019-02-24,2019-04-27,161,Marketing Segment 2,AX#23931
710,2019-02-24,2019-04-28,35,Marketing Segment 3,AX#40992
711,2019-02-24,2019-03-02,0,Marketing Segment 2,AX#72107
712,2019-02-25,2019-04-28,10,Marketing Segment 1,AX#84649
713,2019-02-25,2019-04-26,1,Marketing Segment 2,AX#34123
714,2019-02-25,2019-03-31,7,Marketing Segment 3,AX#46903
715,2019-02-26,2019-03-24,19,Marketing Segment 3,AX#23004
716,2019-02-26,2019-04-06,19,Marketing Segment 3,AX#73167
717,2019-02-27,2019-04-27,4,Marketing Segment 1,AX#96172
718,2019-02-27,2019-04-26,4,Marketing Segment 3,AX#20527
719,2019-02-27,2019-04-26,24,Marketing Segment 3,AX#80710
720,2019-02-27,2019-04-28,6,Marketing Segment 3,AX#98461
721,2019-02-27,2019-04-03,29,Marketing Segment 2,AX#60099
722,2019-02-28,2019-04-27,30,Marketing Segment 2,AX#46542
723,2019-02-28,2019-04-26,37,Marketing Segment 3,AX#84283
724,2019-03-01,2019-04-28,29,Marketing Segment 1,AX#77800
725,2019-03-01,2019-04-01,2,Marketing Segment 3,AX#55846
726,2019-03-01,2019-04-28,20,Marketing Segment 3,AX#62560
727,2019-03-01,2019-04-28,17,Marketing Segment 3,AX#55073
728,2019-03-01,2019-03-29,10,Marketing Segment 2,AX#35711
729,2019-03-02,2019-04-28,351,Marketing Segment 2,AX#30305
730,2019-03-02,2019-04-28,12,Marketing Segment 2,AX#30976
731,2019-03-02,2019-03-22,132,Marketing Segment 2,AX#56481
732,2019-03-03,2019-04-28,15,Marketing Segment 1,AX#81129
733,2019-03-03,2019-04-28,112,Marketing Segment 2,AX#84422
734,2019-03-03,2019-04-28,17,Marketing Segment 3,AX#88727
735,2019-03-03,2019-04-27,2,Marketing Segment 2,AX#20618
736,2019-03-04,2019-04-22,140,Marketing Segment 1,AX#12095
737,2019-03-04,2019-04-27,1,Marketing Segment 2,AX#87186
738,2019-03-04,2019-04-28,192,Marketing Segment 2,AX#21366
739,2019-03-04,2019-03-23,9,Marketing Segment 3,AX#11895
740,2019-03-05,2019-04-28,59,Marketing Segment 2,AX#63383
741,2019-03-05,2019-04-17,3,Marketing Segment 3,AX#80335
742,2019-03-05,2019-04-28,8,Marketing Segment 1,AX#84113
743,2019-03-05,2019-03-29,5,Marketing Segment 2,AX#84180
744,2019-03-06,2019-04-22,8,Marketing Segment 2,AX#70704
745,2019-03-06,2019-04-28,2060,Marketing Segment 3,AX#67771
746,2019-03-07,2019-04-12,0,Marketing Segment 1,AX#37174
747,2019-03-07,2019-04-25,5,Marketing Segment 1,AX#56787
748,2019-03-07,2019-04-14,7,Marketing Segment 3,AX#24008
749,2019-03-07,2019-04-26,0,Marketing Segment 3,AX#54865
750,2019-03-07,2019-04-26,9,Marketing Segment 1,AX#50880
751,2019-03-07,2019-04-28,3,Marketing Segment 2,AX#27952
752,2019-03-08,2019-04-20,1,Marketing Segment 2,AX#65974
753,2019-03-08,2019-04-26,15,Marketing Segment 2,AX#84666
754,2019-03-08,2019-04-28,96,Marketing Segment 2,AX#91297
755,2019-03-08,2019-04-27,5,Marketing Segment 3,AX#67493
756,2019-03-08,2019-04-28,1,Marketing Segment 3,AX#33860
757,2019-03-09,2019-04-24,1,Marketing Segment 2,AX#24554
758,2019-03-09,2019-04-28,2,Marketing Segment 2,AX#15798
759,2019-03-09,2019-03-31,1,Marketing Segment 2,AX#52053
760,2019-03-10,2019-04-21,280,Marketing Segment 1,AX#68931
761,2019-03-10,2019-04-22,52,Marketing Segment 1,AX#76858
762,2019-03-10,2019-04-28,2,Marketing Segment 1,AX#15744
763,2019-03-10,2019-04-28,11,Marketing Segment 1,AX#38891
764,2019-03-10,2019-04-28,43,Marketing Segment 2,AX#35535
765,2019-03-10,2019-03-16,5,Marketing Segment 2,AX#91651
766,2019-03-11,2019-04-12,129,Marketing Segment 2,AX#22139
767,2019-03-11,2019-04-28,253,Marketing Segment 2,AX#25113
768,2019-03-11,2019-04-28,0,Marketing Segment 3,AX#88687
769,2019-03-11,2019-04-28,330,Marketing Segment 3,AX#59015
770,2019-03-11,2019-03-12,0,Marketing Segment 3,AX#37061
771,2019-03-11,2019-04-28,38,Marketing Segment 1,AX#36690
772,2019-03-11,2019-04-20,2,Marketing Segment 1,AX#31138
773,2019-03-11,2019-03-18,0,Marketing Segment 3,AX#26040
774,2019-03-12,2019-04-28,3,Marketing Segment 1,AX#38696
775,2019-03-12,2019-04-26,1,Marketing Segment 2,AX#61254
776,2019-03-12,2019-04-26,3,Marketing Segment 2,AX#60531
777,2019-03-12,2019-04-28,17,Marketing Segment 2,AX#46186
778,2019-03-12,2019-04-28,26,Marketing Segment 3,AX#81105
779,2019-03-13,2019-04-27,3,Marketing Segment 2,AX#41290
780,2019-03-13,2019-04-28,25,Marketing Segment 2,AX#24118
781,2019-03-14,2019-04-16,2,Marketing Segment 2,AX#44643
782,2019-03-15,2019-04-26,585,Marketing Segment 2,AX#70691
783,2019-03-15,2019-04-28,69,Marketing Segment 2,AX#57842
784,2019-03-15,2019-04-11,0,Marketing Segment 3,AX#32524
785,2019-03-15,2019-04-26,35,Marketing Segment 3,AX#28461
786,2019-03-15,2019-04-27,8,Marketing Segment 3,AX#90183
787,2019-03-16,2019-04-28,8,Marketing Segment 2,AX#96333
788,2019-03-16,2019-04-28,1854,Marketing Segment 2,AX#86130
789,2019-03-16,2019-04-21,20,Marketing Segment 3,AX#51228
790,2019-03-16,2019-04-28,1326,Marketing Segment 1,AX#35063
791,2019-03-17,2019-04-26,1,Marketing Segment 2,AX#35725
792,2019-03-17,2019-04-28,6,Marketing Segment 2,AX#81230
793,2019-03-17,2019-04-28,196,Marketing Segment 1,AX#34669
794,2019-03-18,2019-04-26,21,Marketing Segment 1,AX#20602
795,2019-03-18,2019-04-06,1,Marketing Segment 2,AX#94880
796,2019-03-18,2019-04-28,6,Marketing Segment 2,AX#34022
797,2019-03-18,2019-04-28,18,Marketing Segment 2,AX#87300
798,2019-03-18,2019-04-28,512,Marketing Segment 2,AX#89567
799,2019-03-18,2019-04-25,9,Marketing Segment 3,AX#62839
800,2019-03-18,2019-03-24,2,Marketing Segment 3,AX#87870
801,2019-03-19,2019-04-18,8,Marketing Segment 3,AX#10042
802,2019-03-19,2019-04-28,3456,Marketing Segment 3,AX#80821
803,2019-03-20,2019-04-22,13,Marketing Segment 1,AX#43948
804,2019-03-20,2019-04-22,4,Marketing Segment 1,AX#72002
805,2019-03-21,2019-04-28,37,Marketing Segment 1,AX#74467
806,2019-03-21,2019-04-27,6,Marketing Segment 2,AX#84772
807,2019-03-21,2019-04-28,1,Marketing Segment 3,AX#37860
808,2019-03-21,2019-04-28,42,Marketing Segment 1,AX#42798
809,2019-03-22,2019-04-28,49,Marketing Segment 2,AX#11275
810,2019-03-22,2019-04-28,5,Marketing Segment 2,AX#22912
811,2019-03-22,2019-04-20,3,Marketing Segment 3,AX#31145
812,2019-03-22,2019-04-28,13,Marketing Segment 3,AX#37703
813,2019-03-22,2019-04-07,3,Marketing Segment 1,AX#35821
814,2019-03-23,2019-04-23,9,Marketing Segment 1,AX#21943
815,2019-03-23,2019-04-20,13,Marketing Segment 2,AX#13965
816,2019-03-23,2019-04-28,0,Marketing Segment 3,AX#85731
817,2019-03-23,2019-04-27,793,Marketing Segment 1,AX#88215
818,2019-03-24,2019-04-28,2,Marketing Segment 2,AX#81746
819,2019-03-25,2019-04-28,0,Marketing Segment 1,AX#97315
820,2019-03-25,2019-04-07,0,Marketing Segment 2,AX#78482
821,2019-03-25,2019-04-28,5,Marketing Segment 2,AX#63884
822,2019-03-25,2019-04-28,8,Marketing Segment 2,AX#97102
823,2019-03-25,2019-04-26,3,Marketing Segment 3,AX#50289
824,2019-03-25,2019-04-20,301,Marketing Segment 3,AX#13363
825,2019-03-25,2019-04-28,19,Marketing Segment 3,AX#77600
826,2019-03-25,2019-04-28,25,Marketing Segment 3,AX#89139
827,2019-03-25,2019-04-28,2,Marketing Segment 3,AX#72811
828,2019-03-25,2019-04-28,4,Marketing Segment 1,AX#54941
829,2019-03-26,2019-04-12,1,Marketing Segment 2,AX#70000
830,2019-03-26,2019-04-06,1,Marketing Segment 3,AX#92139
831,2019-03-26,2019-04-25,8,Marketing Segment 2,AX#24546
832,2019-03-27,2019-03-28,0,Marketing Segment 2,AX#84034
833,2019-03-27,2019-04-21,1,Marketing Segment 2,AX#86930
834,2019-03-27,2019-04-28,42,Marketing Segment 2,AX#87330
835,2019-03-27,2019-04-28,28,Marketing Segment 2,AX#15095
836,2019-03-27,2019-04-28,0,Marketing Segment 3,AX#60223
837,2019-03-28,2019-04-28,4973,Marketing Segment 1,AX#55479
838,2019-03-28,2019-04-28,12,Marketing Segment 3,AX#70673
839,2019-03-28,2019-04-28,2,Marketing Segment 3,AX#79839
840,2019-03-29,2019-04-19,9,Marketing Segment 1,AX#97623
841,2019-03-29,2019-04-28,121,Marketing Segment 2,AX#23090
842,2019-03-29,2019-04-27,4,Marketing Segment 3,AX#72519
843,2019-03-30,2019-04-28,3,Marketing Segment 1,AX#46173
844,2019-03-30,2019-04-28,29,Marketing Segment 2,AX#47762
845,2019-03-30,2019-04-20,1,Marketing Segment 3,AX#49324
846,2019-03-30,2019-04-28,1,Marketing Segment 3,AX#38041
847,2019-03-31,2019-04-25,1,Marketing Segment 1,AX#41596
848,2019-03-31,2019-04-27,0,Marketing Segment 1,AX#17447
849,2019-03-31,2019-04-27,940,Marketing Segment 2,AX#60784
850,2019-03-31,2019-04-28,2,Marketing Segment 3,AX#78437
851,2019-03-31,2019-04-28,39,Marketing Segment 3,AX#42184
852,2019-03-31,2019-04-22,1,Marketing Segment 2,AX#62247
853,2019-04-01,2019-04-23,1,Marketing Segment 1,AX#70178
854,2019-04-01,2019-04-28,11,Marketing Segment 1,AX#79812
855,2019-04-01,2019-04-27,23,Marketing Segment 2,AX#80667
856,2019-04-01,2019-04-28,94,Marketing Segment 2,AX#80794
857,2019-04-01,2019-04-02,0,Marketing Segment 3,AX#63012
858,2019-04-01,2019-04-08,2,Marketing Segment 3,AX#55485
859,2019-04-01,2019-04-25,2,Marketing Segment 3,AX#60243
860,2019-04-01,2019-04-28,1,Marketing Segment 3,AX#10855
861,2019-04-01,2019-04-28,8,Marketing Segment 3,AX#86867
862,2019-04-01,2019-04-23,2,Marketing Segment 3,AX#36888
863,2019-04-02,2019-04-02,0,Marketing Segment 1,AX#51807
864,2019-04-02,2019-04-03,0,Marketing Segment 1,AX#67500
865,2019-04-02,2019-04-05,0,Marketing Segment 1,AX#14455
866,2019-04-02,2019-04-09,0,Marketing Segment 1,AX#21243
867,2019-04-02,2019-04-12,0,Marketing Segment 1,AX#95727
868,2019-04-02,2019-04-20,0,Marketing Segment 1,AX#75536
869,2019-04-02,2019-04-22,1,Marketing Segment 1,AX#98004
870,2019-04-02,2019-04-28,10,Marketing Segment 1,AX#68898
871,2019-04-02,2019-04-10,1,Marketing Segment 2,AX#71494
872,2019-04-02,2019-04-28,32,Marketing Segment 2,AX#14149
873,2019-04-02,2019-04-28,2,Marketing Segment 2,AX#59180
874,2019-04-02,2019-04-02,0,Marketing Segment 3,AX#41124
875,2019-04-02,2019-04-04,0,Marketing Segment 3,AX#66792
876,2019-04-02,2019-04-06,0,Marketing Segment 3,AX#86348
877,2019-04-02,2019-04-21,1,Marketing Segment 3,AX#29185
878,2019-04-02,2019-04-25,1,Marketing Segment 3,AX#51524
879,2019-04-02,2019-04-26,1,Marketing Segment 3,AX#95865
880,2019-04-02,2019-04-28,5,Marketing Segment 3,AX#45042
881,2019-04-02,2019-04-28,3,Marketing Segment 3,AX#77798
882,2019-04-02,2019-04-28,0,Marketing Segment 3,AX#54567
883,2019-04-02,2019-04-28,16,Marketing Segment 3,AX#28123
884,2019-04-02,2019-04-06,0,Marketing Segment 2,AX#15745
885,2019-04-02,2019-04-06,0,Marketing Segment 1,AX#22742
886,2019-04-02,2019-04-14,0,Marketing Segment 1,AX#86886
887,2019-04-02,2019-04-23,0,Marketing Segment 1,AX#60575
888,2019-04-02,2019-04-27,1,Marketing Segment 1,AX#55027
889,2019-04-02,2019-04-23,0,Marketing Segment 2,AX#20599
890,2019-04-03,2019-04-28,12,Marketing Segment 1,AX#79821
891,2019-04-03,2019-04-26,1,Marketing Segment 2,AX#37169
892,2019-04-03,2019-04-28,30,Marketing Segment 3,AX#36126
893,2019-04-03,2019-04-26,0,Marketing Segment 2,AX#22213
894,2019-04-04,2019-04-04,1,Marketing Segment 1,AX#74321
895,2019-04-04,2019-04-05,2,Marketing Segment 1,AX#74328
896,2019-04-04,2019-04-18,2,Marketing Segment 1,AX#40360
897,2019-04-04,2019-04-26,2,Marketing Segment 1,AX#27421
898,2019-04-04,2019-04-28,10,Marketing Segment 1,AX#96682
899,2019-04-04,2019-04-26,29,Marketing Segment 2,AX#44904
900,2019-04-04,2019-04-27,2,Marketing Segment 2,AX#86634
901,2019-04-04,2019-04-27,2,Marketing Segment 3,AX#46061
902,2019-04-04,2019-04-28,0,Marketing Segment 3,AX#54805
903,2019-04-04,2019-04-28,2,Marketing Segment 1,AX#87767
904,2019-04-05,2019-04-13,0,Marketing Segment 2,AX#20037
905,2019-04-05,2019-04-23,0,Marketing Segment 2,AX#68840
906,2019-04-05,2019-04-26,4,Marketing Segment 2,AX#50288
907,2019-04-05,2019-04-28,50,Marketing Segment 2,AX#38167
908,2019-04-05,2019-04-28,22,Marketing Segment 2,AX#27913
909,2019-04-05,2019-04-28,9,Marketing Segment 2,AX#25531
910,2019-04-05,2019-04-07,0,Marketing Segment 3,AX#63559
911,2019-04-05,2019-04-28,0,Marketing Segment 3,AX#31269
912,2019-04-05,2019-04-11,0,Marketing Segment 2,AX#30312
913,2019-04-05,2019-04-05,0,Marketing Segment 1,AX#96744
914,2019-04-05,2019-04-23,0,Marketing Segment 3,AX#29017
915,2019-04-06,2019-04-10,0,Marketing Segment 1,AX#53553
916,2019-04-06,2019-04-28,0,Marketing Segment 2,AX#62265
917,2019-04-06,2019-04-06,0,Marketing Segment 3,AX#74184
918,2019-04-06,2019-04-22,2,Marketing Segment 3,AX#91564
919,2019-04-06,2019-04-27,0,Marketing Segment 3,AX#15152
920,2019-04-06,2019-04-28,5,Marketing Segment 3,AX#70731
921,2019-04-06,2019-04-26,0,Marketing Segment 1,AX#38468
922,2019-04-06,2019-04-07,0,Marketing Segment 3,AX#78668
923,2019-04-06,2019-04-27,0,Marketing Segment 3,AX#19466
924,2019-04-07,2019-04-22,5,Marketing Segment 1,AX#63854
925,2019-04-07,2019-04-25,0,Marketing Segment 2,AX#77144
926,2019-04-07,2019-04-27,32,Marketing Segment 2,AX#26014
927,2019-04-07,2019-04-28,1,Marketing Segment 2,AX#93960
928,2019-04-07,2019-04-28,16,Marketing Segment 2,AX#13439
929,2019-04-07,2019-04-27,1,Marketing Segment 3,AX#43824
930,2019-04-08,2019-04-28,1,Marketing Segment 1,AX#54716
931,2019-04-08,2019-04-09,0,Marketing Segment 2,AX#48697
932,2019-04-08,2019-04-22,2,Marketing Segment 2,AX#48140
933,2019-04-08,2019-04-25,0,Marketing Segment 3,AX#53717
934,2019-04-08,2019-04-28,9,Marketing Segment 3,AX#25517
935,2019-04-08,2019-04-16,1,Marketing Segment 3,AX#18293
936,2019-04-09,2019-04-24,7,Marketing Segment 3,AX#40728
937,2019-04-10,2019-04-28,2,Marketing Segment 2,AX#69425
938,2019-04-11,2019-04-24,8,Marketing Segment 1,AX#33188
939,2019-04-11,2019-04-28,4,Marketing Segment 2,AX#82689
940,2019-04-11,2019-04-28,1,Marketing Segment 3,AX#90448
941,2019-04-12,2019-04-19,2,Marketing Segment 3,AX#60319
942,2019-04-13,2019-04-20,2,Marketing Segment 1,AX#26135
943,2019-04-13,2019-04-27,8,Marketing Segment 1,AX#53065
944,2019-04-13,2019-04-27,2,Marketing Segment 2,AX#59784
945,2019-04-13,2019-04-28,4,Marketing Segment 2,AX#73537
946,2019-04-13,2019-04-13,0,Marketing Segment 3,AX#39575
947,2019-04-13,2019-04-21,1,Marketing Segment 3,AX#26954
948,2019-04-13,2019-04-22,4,Marketing Segment 3,AX#11967
949,2019-04-13,2019-04-26,0,Marketing Segment 3,AX#17708
950,2019-04-14,2019-04-25,0,Marketing Segment 2,AX#24238
951,2019-04-14,2019-04-27,0,Marketing Segment 2,AX#53866
952,2019-04-14,2019-04-28,1,Marketing Segment 3,AX#73675
953,2019-04-14,2019-04-28,0,Marketing Segment 3,AX#21446
954,2019-04-14,2019-04-27,2,Marketing Segment 1,AX#80264
955,2019-04-15,2019-04-23,1,Marketing Segment 1,AX#77941
956,2019-04-15,2019-04-28,3,Marketing Segment 3,AX#91400
957,2019-04-15,2019-04-28,1,Marketing Segment 3,AX#28173
958,2019-04-15,2019-04-28,21,Marketing Segment 3,AX#23984
959,2019-04-16,2019-04-28,2,Marketing Segment 1,AX#16963
960,2019-04-16,2019-04-21,1,Marketing Segment 2,AX#17721
961,2019-04-16,2019-04-22,4,Marketing Segment 2,AX#44389
962,2019-04-16,2019-04-26,0,Marketing Segment 2,AX#19129
963,2019-04-16,2019-04-28,2,Marketing Segment 2,AX#64101
964,2019-04-16,2019-04-28,6,Marketing Segment 2,AX#78177
965,2019-04-16,2019-04-27,1,Marketing Segment 3,AX#13626
966,2019-04-16,2019-04-28,0,Marketing Segment 3,AX#26564
967,2019-04-17,2019-04-28,5,Marketing Segment 1,AX#63062
968,2019-04-17,2019-04-28,3,Marketing Segment 2,AX#42813
969,2019-04-17,2019-04-28,7,Marketing Segment 2,AX#65990
970,2019-04-18,2019-04-18,0,Marketing Segment 1,AX#54532
971,2019-04-18,2019-04-28,3,Marketing Segment 2,AX#78451
972,2019-04-18,2019-04-28,51,Marketing Segment 2,AX#31034
973,2019-04-18,2019-04-24,6,Marketing Segment 3,AX#57708
974,2019-04-19,2019-04-27,21,Marketing Segment 2,AX#64485
975,2019-04-19,2019-04-23,0,Marketing Segment 3,AX#70115
976,2019-04-20,2019-04-26,0,Marketing Segment 1,AX#64706
977,2019-04-20,2019-04-28,1,Marketing Segment 2,AX#84696
978,2019-04-20,2019-04-28,11,Marketing Segment 2,AX#68529
979,2019-04-20,2019-04-28,6,Marketing Segment 2,AX#78357
980,2019-04-20,2019-04-25,0,Marketing Segment 3,AX#98347
981,2019-04-21,2019-04-28,4,Marketing Segment 2,AX#21766
982,2019-04-22,2019-04-28,1,Marketing Segment 1,AX#90375
983,2019-04-22,2019-04-25,0,Marketing Segment 2,AX#49331
984,2019-04-22,2019-04-28,1,Marketing Segment 2,AX#83481
985,2019-04-22,2019-04-22,0,Marketing Segment 3,AX#11324
986,2019-04-22,2019-04-23,0,Marketing Segment 3,AX#53571
987,2019-04-22,2019-04-23,0,Marketing Segment 3,AX#21170
988,2019-04-22,2019-04-27,0,Marketing Segment 3,AX#20477
989,2019-04-22,2019-04-28,9,Marketing Segment 3,AX#67663
990,2019-04-22,2019-04-28,0,Marketing Segment 3,AX#93205
991,2019-04-23,2019-04-28,0,Marketing Segment 1,AX#52388
992,2019-04-23,2019-04-28,2,Marketing Segment 2,AX#98604
993,2019-04-23,2019-04-28,1,Marketing Segment 2,AX#97065
994,2019-04-23,2019-04-28,1,Marketing Segment 1,AX#25362
995,2019-04-24,2019-04-26,0,Marketing Segment 1,AX#90542
996,2019-04-25,2019-04-28,1,Marketing Segment 2,AX#88630
997,2019-04-26,2019-04-26,0,Marketing Segment 2,AX#53242
998,2019-04-27,2019-04-27,1,Marketing Segment 3,AX#50772
999,2019-04-28,2019-04-28,0,Marketing Segment 1,AX#75078
1000,2019-04-28,2019-04-28,0,Marketing Segment 2,AX#89342
