account_id,status,upgrade_at,cancelled_at,amount
AX#10042,paying,2019-03-20,,332.8
AX#10114,paying,2019-01-17,,451.13
AX#10259,paying,2018-09-28,,1886.8
AX#10695,paying,2018-12-21,,797.87
AX#10855,paying,2019-04-01,,189
AX#11171,paying,2019-03-21,,240.67
AX#11176,paying,2018-12-11,,561.2
AX#11275,paying,2019-03-22,,111
AX#11279,paying,2019-01-07,,784.4
AX#11324,paying,2019-04-22,,7.6
AX#11434,paying,2018-09-03,,2022.4
AX#11534,paying,2019-01-15,,264.37
AX#11814,paying,2019-02-19,,408
AX#11895,paying,2019-03-09,,336.67
AX#11948,paying,2018-12-21,,819.2
AX#11967,paying,2019-04-13,,86
AX#12066,paying,2019-02-25,,115.73
AX#12095,paying,2019-03-12,,393.23
AX#12437,paying,2019-02-25,,345.13
AX#12453,paying,2018-10-28,,564.2
AX#12519,paying,2018-07-17,,2327.5
AX#12587,paying,2019-03-09,,338.33
AX#12689,paying,2019-01-09,,733.93
AX#12785,paying,2019-01-04,,539.6
AX#12955,paying,2018-12-07,,799.93
AX#12986,cancelled,2019-04-21,,33.83
AX#13033,paying,2018-11-26,,1377
AX#13119,paying,2019-02-26,,504.27
AX#13363,paying,2019-03-26,,280.5
AX#13439,paying,2019-04-07,,80.5
AX#13495,paying,2019-02-22,,292.5
AX#13626,paying,2019-04-16,,84.8
AX#13658,paying,2018-11-11,,750.4
AX#13658,paying,2019-02-21,,242
AX#13691,paying,2018-03-25,,625.1
AX#13953,paying,2019-01-18,,560
AX#13965,paying,2019-03-23,,236.4
AX#13976,paying,2018-12-01,,1164.27
AX#13983,paying,2018-10-22,,1666.93
AX#14045,cancelled,2019-01-19,2019-03-17,229.9
AX#14149,paying,2019-04-04,,36.8
AX#14255,paying,2018-12-27,,170.8
AX#14288,paying,2019-01-11,,363.8
AX#14296,paying,2018-04-09,,3404.8
AX#14455,paying,2019-04-06,,185.53
AX#14488,paying,2018-04-09,,486.4
AX#14562,cancelled,2018-09-05,2018-11-05,372.1
AX#14616,cancelled,2018-03-16,2018-05-22,294.8
AX#14709,paying,2018-03-02,,759.6
AX#14801,paying,2019-01-24,,799
AX#15048,paying,2019-02-15,,206.4
AX#15095,paying,2019-03-27,,188.8
AX#15120,paying,2019-01-11,,485.07
AX#15151,paying,2019-02-04,,235.17
AX#15152,paying,2019-04-23,,28.83
AX#15162,paying,2019-02-04,,628.03
AX#15185,paying,2018-04-20,,3170.5
AX#15397,paying,2019-02-26,,154.53
AX#15601,paying,2019-02-20,,386.37
AX#15604,paying,2018-09-04,,1943.07
AX#15744,paying,2019-04-27,,3.93
AX#15745,paying,2019-04-06,,208.27
AX#15798,paying,2019-04-23,,10.5
AX#15889,paying,2018-11-11,,851.2
AX#16084,paying,2018-04-22,,3685.27
AX#16152,paying,2018-10-08,,228.93
AX#16177,paying,2018-12-20,,137.6
AX#16246,paying,2018-05-12,,1205.1
AX#16528,paying,2018-11-08,,769.5
AX#16760,cancelled,2018-06-15,2018-07-26,343.03
AX#16827,cancelled,2018-12-08,2018-12-18,28.33
AX#16838,paying,2018-12-25,,545.6
AX#16963,paying,2019-04-19,,65.7
AX#17033,paying,2018-09-14,,474.6
AX#17080,cancelled,2018-08-31,2019-02-25,189.87
AX#17122,paying,2018-09-08,,696
AX#17130,paying,2018-06-26,,2774.4
AX#17447,paying,2019-04-01,,184.5
AX#17460,cancelled,2018-04-27,2018-07-19,395.63
AX#17512,paying,2019-01-18,,576.67
AX#17569,paying,2018-01-24,,2677.5
AX#17609,cancelled,2018-11-09,2019-01-26,122.2
AX#17708,paying,2019-04-23,,12.17
AX#17721,paying,2019-04-20,,24.27
AX#17802,paying,2018-09-22,,1031.87
AX#17932,paying,2018-04-09,,1638.4
AX#18052,paying,2019-01-17,,680.07
AX#18090,paying,2019-01-16,,972.4
AX#18293,paying,2019-04-08,,56.67
AX#18601,paying,2019-02-16,,243.77
AX#18896,paying,2019-02-12,,97.5
AX#18936,cancelled,2018-11-09,2018-12-07,229.6
AX#18986,paying,2018-11-06,,911.13
AX#19070,paying,2019-04-27,,8.23
AX#19129,paying,2019-04-16,,65.2
AX#19206,paying,2018-03-01,,1833
AX#19229,paying,2018-04-03,,2756
AX#19248,paying,2018-12-25,,326.53
AX#19273,paying,2018-10-20,,994.33
AX#19335,cancelled,2018-06-28,2018-07-26,211.87
AX#19376,cancelled,2018-07-31,2018-08-25,55
AX#19423,cancelled,2018-06-26,2018-07-24,100.8
AX#19435,paying,2018-10-21,,1341.9
AX#19466,paying,2019-04-06,,75.53
AX#19519,paying,2018-12-29,,604
AX#19723,cancelled,2018-07-06,2018-10-07,620
AX#19772,paying,2018-12-02,,284.2
AX#20037,paying,2019-04-05,,29.9
AX#20438,paying,2018-11-11,,728
AX#20477,paying,2019-04-22,,30.2
AX#20527,paying,2019-04-08,,101.33
AX#20599,paying,2019-04-02,,169
AX#20602,paying,2019-04-23,,46.83
AX#20618,paying,2019-03-23,,308.4
AX#20621,cancelled,2019-02-14,2019-03-17,234.57
AX#20685,cancelled,2018-08-17,2018-09-14,85.87
AX#20968,paying,2018-12-21,,891.73
AX#21170,paying,2019-04-22,,32.6
AX#21243,paying,2019-04-08,,114
AX#21366,paying,2019-03-12,,64.23
AX#21446,paying,2019-04-27,,1.8
AX#21740,paying,2019-01-26,,515.2
AX#21766,paying,2019-04-21,,50.4
AX#21943,cancelled,2019-04-15,,126.97
AX#21975,paying,2018-12-01,,577.2
AX#22056,paying,2019-02-19,,482.8
AX#22110,paying,2018-08-27,,504.27
AX#22139,paying,2019-03-13,,280.6
AX#22213,paying,2019-04-03,,212.5
AX#22339,cancelled,2019-02-10,2019-05-13,637.87
AX#22374,cancelled,2018-04-08,2019-01-13,2268
AX#22435,paying,2019-02-11,,101.33
AX#22534,paying,2018-12-22,,918.63
AX#22538,cancelled,2018-06-24,2018-10-13,281.2
AX#22616,cancelled,2018-12-12,2018-12-20,53.6
AX#22639,paying,2018-07-17,,2014
AX#22682,cancelled,2018-10-22,2018-11-19,123.2
AX#22686,paying,2018-06-07,,1332.5
AX#22742,paying,2019-04-03,,209.17
AX#22877,cancelled,2018-03-12,2018-08-07,927.47
AX#22878,paying,2019-04-23,,15
AX#22912,paying,2019-04-27,,5.8
AX#23004,paying,2019-03-12,,401.07
AX#23090,paying,2019-04-09,,22.8
AX#23201,paying,2019-04-27,,4.67
AX#23207,cancelled,2018-10-30,2018-12-18,387.1
AX#23215,cancelled,2018-07-05,2018-10-08,763.17
AX#23324,cancelled,2018-04-09,2018-12-19,499.53
AX#23474,paying,2019-01-30,,786.13
AX#23648,cancelled,2018-06-22,2018-09-15,546.83
AX#23655,paying,2018-11-03,,745.07
AX#23716,paying,2019-03-04,,199.83
AX#23772,paying,2019-02-02,,600.67
AX#23889,paying,2018-11-08,,1499.1
AX#23931,paying,2019-03-02,,480.7
AX#23952,paying,2019-02-23,,482.13
AX#23975,paying,2018-10-02,,1462.93
AX#23984,paying,2019-04-20,,56.8
AX#23993,cancelled,2018-10-19,2019-02-13,1092
AX#24008,paying,2019-03-07,,402.13
AX#24118,paying,2019-03-29,,92
AX#24238,paying,2019-04-19,,13.8
AX#24394,paying,2018-03-10,,1104
AX#24546,paying,2019-03-26,,324.5
AX#24554,paying,2019-03-09,,81.67
AX#24629,paying,2018-07-12,,1498.33
AX#24635,paying,2019-02-23,,473.6
AX#24657,paying,2018-12-28,,746.17
AX#24744,paying,2019-03-28,,187.03
AX#24829,paying,2018-12-24,,575
AX#24832,cancelled,2018-04-08,2019-02-19,739.67
AX#24836,paying,2019-01-04,,638.4
AX#25113,paying,2019-03-18,,299.3
AX#25362,paying,2019-04-25,,21.7
AX#25517,paying,2019-04-16,,102.4
AX#25531,paying,2019-04-05,,123.43
AX#25600,paying,2019-03-31,,56
AX#25621,cancelled,2018-10-15,2019-05-16,1476.8
AX#25777,cancelled,2019-03-03,2019-03-22,88.67
AX#25819,paying,2019-02-10,,685.3
AX#26014,paying,2019-04-13,,75.5
AX#26040,paying,2019-03-11,,139.2
AX#26135,paying,2019-04-13,,40.5
AX#26211,paying,2018-11-16,,657.43
AX#26237,cancelled,2018-02-05,2018-05-22,250.87
AX#26384,paying,2018-12-24,,679.17
AX#26417,paying,2018-11-08,,1516.2
AX#26417,paying,2017-12-15,,2844.3
AX#26559,paying,2018-08-12,,1156.87
AX#26564,paying,2019-04-27,,4.37
AX#26571,cancelled,2018-11-04,2018-12-26,369.2
AX#26861,paying,2019-02-12,,270
AX#26954,paying,2019-04-15,,95.33
AX#26959,paying,2018-11-26,,402.9
AX#26961,paying,2018-12-26,,672.4
AX#27116,paying,2018-12-26,,1205.4
AX#27139,paying,2018-02-02,,3345
AX#27309,paying,2018-12-24,,1129.17
AX#27421,paying,2019-04-10,,84
AX#27441,paying,2019-02-17,,660.33
AX#27726,paying,2018-08-14,,2304.43
AX#27766,paying,2019-04-08,,158
AX#27899,paying,2019-04-10,,150
AX#27900,paying,2018-10-01,,1839.2
AX#27911,paying,2018-05-12,2018-06-09,112.93
AX#27913,paying,2019-04-18,,93
AX#27926,paying,2017-12-03,,2725.33
AX#27952,paying,2019-04-04,,139.2
AX#27988,paying,2018-12-02,2019-03-26,657.4
AX#28006,paying,2018-12-29,,776
AX#28008,paying,2019-02-04,,691.67
AX#28123,paying,2019-04-02,,84.07
AX#28173,paying,2019-04-27,,1.77
AX#28461,paying,2019-03-29,,70
AX#28607,paying,2018-11-11,,834.4
AX#28645,paying,2018-11-11,,638.4
AX#28694,paying,2018-05-22,,2307.43
AX#28960,paying,2019-04-27,,4.17
AX#29017,paying,2019-04-05,,111.17
AX#29180,paying,2018-08-07,,1707.2
AX#29185,paying,2019-04-02,,96.2
AX#29254,paying,2018-12-27,,671
AX#29351,paying,2019-04-13,,110.5
AX#29421,paying,2019-01-14,,429.87
AX#29479,paying,2018-01-29,,3874.13
AX#29597,cancelled,2018-03-23,2018-10-30,758.77
AX#29662,paying,2019-01-20,,676.2
AX#29772,paying,2018-11-11,,190.4
AX#29830,paying,2019-02-03,,705.6
AX#30054,paying,2019-02-28,,64.9
AX#30186,paying,2018-04-09,,1228.8
AX#30305,paying,2019-04-15,,97.5
AX#30312,paying,2019-04-08,,97.33
AX#30456,paying,2019-02-12,,427.5
AX#30562,paying,2018-11-23,,613.6
AX#30698,paying,2019-02-15,,583.2
AX#30714,paying,2018-12-29,,700
AX#30805,paying,2018-09-18,,843.6
AX#30976,paying,2019-04-27,,9.63
AX#31032,paying,2018-11-11,,789.6
AX#31034,paying,2019-04-21,,38.03
AX#31138,paying,2019-04-13,,144
AX#31145,paying,2019-03-26,,149.6
AX#31269,paying,2019-04-18,,65.33
AX#31548,paying,2019-04-12,,157.87
AX#31663,paying,2019-04-25,,9.1
AX#31700,paying,2018-10-04,,1709.8
AX#31828,paying,2018-06-24,,1221.73
AX#31860,paying,2018-10-22,,1334.8
AX#31870,paying,2019-03-19,,196
AX#31891,paying,2018-03-12,,3680.53
AX#32025,cancelled,2018-04-24,2018-12-10,529
AX#32309,paying,2018-04-09,,3020.8
AX#32393,paying,2019-02-23,,262.4
AX#32524,paying,2019-04-06,,122.47
AX#32625,paying,2018-07-08,,695.8
AX#32645,paying,2018-12-29,,544
AX#32826,paying,2018-04-15,,1058.4
AX#32845,paying,2019-01-18,,330
AX#32906,paying,2019-04-16,,58.8
AX#32989,paying,2019-04-22,,34.6
AX#33188,paying,2019-04-11,,22.67
AX#33470,paying,2018-09-30,,798
AX#33514,paying,2019-02-08,,76.37
AX#33670,paying,2018-06-10,,1363.13
AX#33692,paying,2019-03-08,,86.7
AX#33701,paying,2019-02-01,,604.87
AX#33705,paying,2018-08-24,,1177.37
AX#33826,paying,2018-11-11,,655.2
AX#33835,paying,2018-04-08,,1244.83
AX#33853,cancelled,2018-10-03,2018-11-11,382.2
AX#33860,paying,2019-04-14,,73.27
AX#33896,cancelled,2018-04-14,2019-02-02,2195.2
AX#33896,paying,2018-03-23,,735.17
AX#34022,paying,2019-04-06,,135.67
AX#34024,cancelled,2018-04-09,2018-06-15,323.83
AX#34055,cancelled,2019-01-11,2019-02-19,327.6
AX#34089,paying,2018-04-12,,558.8
AX#34123,paying,2019-04-25,,28.7
AX#34436,cancelled,2018-11-02,2018-12-03,157.07
AX#34669,paying,2019-03-27,,274.13
AX#34870,paying,2019-02-15,,160.8
AX#34924,paying,2018-12-16,,212.8
AX#35063,paying,2019-03-18,,83.37
AX#35192,paying,2019-03-04,,341
AX#35491,paying,2019-02-23,,375.47
AX#35535,paying,2019-03-12,,137.87
AX#35555,cancelled,2018-01-28,2018-08-27,1941.2
AX#35612,paying,2019-02-15,,232.8
AX#35711,paying,2019-03-02,,332.5
AX#35725,paying,2019-03-22,,92.5
AX#35821,paying,2019-03-23,,123.6
AX#36126,paying,2019-04-23,,16.17
AX#36180,paying,2018-12-06,,1053.43
AX#36264,paying,2019-02-21,,418
AX#36338,cancelled,2018-12-15,2019-02-11,123.73
AX#36690,paying,2019-04-01,,208.8
AX#36693,paying,2019-03-23,,312
AX#36888,paying,2019-04-06,,160.6
AX#37061,paying,2019-03-12,,54.83
AX#37092,paying,2018-11-11,,744.8
AX#37122,paying,2018-12-24,,1137.5
AX#37169,paying,2019-04-12,,60.8
AX#37174,paying,2019-04-02,,156.87
AX#37216,cancelled,2018-06-05,2018-07-03,120.4
AX#37499,paying,2018-11-11,,800.8
AX#37581,paying,2019-03-16,,117.53
AX#37688,paying,2018-11-08,,1641.6
AX#37703,paying,2019-04-19,,74.7
AX#37860,paying,2019-03-21,,116.53
AX#37895,paying,2018-09-30,,742
AX#38026,paying,2019-02-27,,78
AX#38041,paying,2019-04-03,,81.67
AX#38050,paying,2018-07-31,,1788.6
AX#38080,cancelled,2018-11-07,2018-11-14,17.03
AX#38167,paying,2019-04-07,,28.7
AX#38339,paying,2018-12-25,,124
AX#38378,paying,2018-04-08,,770
AX#38468,paying,2019-04-11,,148.47
AX#38574,paying,2018-01-23,,2468.67
AX#38581,paying,2019-01-18,,756.67
AX#38696,paying,2019-03-12,,468.43
AX#38824,paying,2018-12-21,,170.67
AX#38891,paying,2019-03-30,,288.07
AX#38955,paying,2018-12-13,,1074.4
AX#39089,paying,2018-11-04,,175
AX#39201,paying,2019-03-23,,199.2
AX#39338,cancelled,2018-11-04,2019-03-17,766.97
AX#39469,paying,2019-01-23,,440.17
AX#39575,paying,2019-04-13,,82.5
AX#39653,paying,2018-11-11,,1472.8
AX#39739,paying,2019-01-13,,280
AX#39759,paying,2019-03-16,,375.53
AX#39992,cancelled,2018-11-06,2019-01-31,607.73
AX#40035,paying,2019-02-24,,315
AX#40360,paying,2019-04-04,,124.8
AX#40386,paying,2018-07-17,,1567.5
AX#40499,paying,2019-04-05,,88.93
AX#40558,paying,2018-12-07,,250.87
AX#40728,paying,2019-04-09,,47.5
AX#40733,paying,2018-11-30,,263.23
AX#40755,paying,2019-01-05,,576.3
AX#40983,cancelled,2018-09-07,2018-09-14,51.33
AX#40992,paying,2019-04-08,,120
AX#41087,paying,2019-02-03,,263.2
AX#41124,paying,2019-04-02,,104.87
AX#41142,paying,2019-04-25,,4.9
AX#41290,paying,2019-03-20,,157.3
AX#41535,paying,2018-08-04,,2527.6
AX#41596,paying,2019-03-31,,175.47
AX#41742,paying,2019-01-27,,233.57
AX#41765,paying,2019-02-24,,111.3
AX#41838,cancelled,2018-04-09,2018-12-25,1516.67
AX#42125,paying,2019-01-14,,873.6
AX#42184,paying,2019-04-02,,119.6
AX#42258,cancelled,2018-01-06,2018-01-06,0
AX#42276,paying,2019-02-15,,72
AX#42299,paying,2018-06-28,,2290.13
AX#42332,paying,2019-03-01,,191.4
AX#42372,paying,2017-12-22,,3673.6
AX#42592,paying,2018-09-21,,430.7
AX#42730,paying,2018-11-08,,176.7
AX#42798,paying,2019-03-26,,212.3
AX#42813,paying,2019-04-20,,10.67
AX#43194,paying,2019-04-20,,59.73
AX#43222,paying,2019-03-08,,239.7
AX#43247,cancelled,2018-01-30,2018-03-10,248.3
AX#43297,paying,2018-11-17,,318.6
AX#43515,paying,2018-12-09,,779.33
AX#43648,paying,2019-02-17,,620.67
AX#43737,paying,2018-12-29,,392
AX#43803,paying,2019-04-05,,113.47
AX#43824,paying,2019-04-22,,21.4
AX#43849,cancelled,2018-11-14,2018-11-30,104
AX#43864,paying,2018-04-09,,1638.4
AX#43917,paying,2018-01-08,,791.67
AX#43928,paying,2018-11-11,,1198.4
AX#43948,paying,2019-03-25,,211.93
AX#44215,cancelled,2018-08-14,2018-08-17,12.1
AX#44318,paying,2019-01-16,,462.4
AX#44389,paying,2019-04-21,,17.97
AX#44522,paying,2019-04-22,,13.6
AX#44567,paying,2019-02-26,,412.77
AX#44610,paying,2018-12-23,,449.4
AX#44643,paying,2019-03-16,,81.7
AX#44651,paying,2019-03-08,,54.4
AX#44758,paying,2019-04-27,,9
AX#44891,cancelled,2018-07-31,2018-08-28,210
AX#44904,paying,2019-04-05,,216.2
AX#44976,paying,2019-01-28,,405
AX#44994,paying,2019-02-03,,837.2
AX#45042,paying,2019-04-01,,128.7
AX#45042,paying,2019-04-02,,68.47
AX#45144,paying,2019-04-16,,56
AX#45257,paying,2019-03-18,,60.13
AX#45407,paying,2019-01-28,,597
AX#45444,cancelled,2018-09-14,2019-01-29,1219.3
AX#45672,paying,2019-04-20,,76.53
AX#45724,cancelled,2018-03-23,2018-03-23,0
AX#45798,paying,2018-11-30,,1157.23
AX#46061,paying,2019-04-21,,35.23
AX#46094,paying,2018-06-11,,2568
AX#46173,paying,2019-04-02,,174.2
AX#46186,paying,2019-03-13,,53.67
AX#46289,cancelled,2019-02-17,2019-02-22,17.83
AX#46308,paying,2018-12-02,,396.9
AX#46322,paying,2019-02-23,,258.13
AX#46372,paying,2018-11-24,,702.67
AX#46542,paying,2019-03-01,,311.27
AX#46869,paying,2019-02-23,,179.2
AX#46894,paying,2018-10-28,,1547
AX#46903,paying,2019-03-01,,431.13
AX#47000,paying,2018-01-23,,1640.67
AX#47154,paying,2019-03-04,,95.33
AX#47186,paying,2018-03-10,,2608.2
AX#47253,cancelled,2018-12-09,2019-01-28,188.33
AX#47437,cancelled,2018-04-09,2018-10-30,1373.6
AX#47508,paying,2019-03-29,,34
AX#47576,paying,2018-05-12,,2679.3
AX#47626,cancelled,2019-01-05,2019-03-06,138
AX#47642,paying,2019-02-08,,81.63
AX#47676,paying,2019-04-27,,1.73
AX#47762,paying,2019-03-31,,273.47
AX#47772,cancelled,2018-07-11,2018-08-08,244.53
AX#48140,paying,2019-04-19,,39
AX#48492,paying,2018-04-09,,588.8
AX#48539,cancelled,2018-04-09,2018-08-22,1107
AX#48697,paying,2019-04-09,,91.83
AX#48747,cancelled,2018-09-03,2018-10-01,178.27
AX#48911,paying,2018-08-19,,2402.4
AX#49044,paying,2019-03-08,,100.3
AX#49157,paying,2018-12-09,,1068.67
AX#49182,paying,2018-07-10,,2764.27
AX#49304,cancelled,2018-09-07,2018-10-05,88.67
AX#49324,paying,2019-04-01,,220.5
AX#49331,paying,2019-04-22,,40.6
AX#49487,cancelled,2018-07-04,2018-08-03,195
AX#49515,paying,2018-12-08,,592.2
AX#49585,paying,2019-02-02,,141.67
AX#49620,paying,2019-03-30,,223.3
AX#49673,cancelled,2018-12-27,2019-01-23,161.1
AX#49775,cancelled,2018-10-05,2018-11-02,122.27
AX#50096,cancelled,2018-10-12,2018-10-13,9.87
AX#50235,paying,2018-10-08,,1016.73
AX#50288,paying,2019-04-09,,93.1
AX#50289,paying,2019-03-31,,218.4
AX#50542,cancelled,2018-07-27,2018-09-18,445.2
AX#50625,paying,2018-07-22,,914.67
AX#50714,paying,2018-10-10,,1800
AX#50726,paying,2018-12-01,,453.87
AX#50772,paying,2019-04-27,,4.73
AX#50782,paying,2018-07-24,,2594.67
AX#50880,paying,2019-03-09,,225
AX#51111,paying,2019-03-31,,65.33
AX#51170,paying,2019-01-25,,279
AX#51195,paying,2018-04-09,,2457.6
AX#51228,paying,2019-03-16,,151.93
AX#51360,paying,2019-01-17,,508.37
AX#51524,paying,2019-04-02,,50.27
AX#51591,paying,2018-09-23,,2068.73
AX#51740,paying,2018-07-14,,806.4
AX#51785,paying,2019-02-12,,400
AX#51802,cancelled,2018-10-13,2019-02-09,448.23
AX#51807,paying,2019-04-02,,172.47
AX#51929,paying,2018-11-02,,1663.8
AX#52053,paying,2019-03-22,,300.93
AX#52206,paying,2019-04-22,,20.2
AX#52218,paying,2018-11-28,,508.37
AX#52317,paying,2019-03-30,,139.2
AX#52388,paying,2019-04-23,,19.5
AX#52457,paying,2018-10-26,,1668.27
AX#52599,paying,2019-03-21,,139.33
AX#52751,paying,2018-10-14,,1274
AX#52852,cancelled,2018-07-28,2019-02-05,518.4
AX#52875,paying,2019-01-16,,557.6
AX#52930,paying,2019-01-03,,624.83
AX#53056,paying,2018-11-08,,1014.6
AX#53065,paying,2019-04-13,,91.5
AX#53067,paying,2019-04-25,,12
AX#53102,cancelled,2018-04-08,2018-10-23,389.4
AX#53115,paying,2018-12-18,,362.43
AX#53146,paying,2019-03-20,,101.4
AX#53149,paying,2018-01-26,,1888.93
AX#53242,paying,2019-04-27,,6.83
AX#53513,cancelled,2018-04-12,2019-02-02,2180.53
AX#53553,paying,2019-04-06,,66.73
AX#53571,paying,2019-04-22,,24.2
AX#53717,paying,2019-04-08,,114.67
AX#53748,paying,2019-02-16,,80.47
AX#53866,paying,2019-04-23,,32.67
AX#54192,paying,2019-02-01,,223.6
AX#54403,cancelled,2018-04-09,2018-10-07,512.83
AX#54532,paying,2019-04-18,,40.67
AX#54536,paying,2018-07-16,,2431
AX#54567,paying,2019-04-02,,196.73
AX#54591,paying,2019-03-04,,363
AX#54716,paying,2019-04-23,,8.67
AX#54803,paying,2018-11-23,,514.8
AX#54805,paying,2019-04-09,,91.2
AX#54814,cancelled,2018-11-22,2018-12-12,34.67
AX#54865,paying,2019-04-13,,38
AX#54941,paying,2019-04-27,,8.03
AX#55027,paying,2019-04-10,,130.8
AX#55073,paying,2019-03-22,,245.43
AX#55135,paying,2019-04-15,,21.23
AX#55479,paying,2019-03-28,,172.57
AX#55485,paying,2019-04-08,,172
AX#55846,paying,2019-03-02,,305.9
AX#56182,cancelled,2018-11-02,2018-11-30,245.47
AX#56481,paying,2019-03-04,,331.83
AX#56540,paying,2019-02-11,,691.6
AX#56582,paying,2018-07-31,,713.63
AX#56582,paying,2018-08-15,,554.67
AX#56787,paying,2019-03-08,,277.1
AX#56813,paying,2018-10-25,,283.67
AX#56862,paying,2019-02-15,,307.2
AX#57000,paying,2018-10-12,,462
AX#57125,paying,2018-07-02,,2110
AX#57272,paying,2018-08-29,,1927.93
AX#57347,paying,2018-09-18,,1043.4
AX#57422,paying,2018-09-25,,910.17
AX#57449,paying,2018-12-30,,253.87
AX#57565,paying,2018-12-15,,491.33
AX#57708,paying,2019-04-18,,27.33
AX#57842,paying,2019-03-24,,297.5
AX#57863,cancelled,2018-08-14,2018-09-11,206.27
AX#57888,paying,2019-04-02,,256.53
AX#58557,paying,2019-01-22,,448
AX#58657,paying,2018-06-21,,2747.17
AX#58759,paying,2019-01-07,,773.3
AX#58818,cancelled,2018-04-08,2018-04-15,54.6
AX#58827,paying,2018-11-26,,229.5
AX#58884,paying,2019-02-28,,62.93
AX#58909,cancelled,2018-11-11,2018-12-19,314.13
AX#58982,paying,2019-04-14,,14.47
AX#58989,cancelled,2018-12-09,2018-12-28,186.83
AX#59015,paying,2019-03-13,,148.73
AX#59025,paying,2019-04-22,,28.4
AX#59134,paying,2019-02-21,,275
AX#59180,paying,2019-04-26,,2.87
AX#59383,paying,2018-04-22,,1694.23
AX#59434,paying,2018-10-29,,331.83
AX#59549,paying,2018-11-08,,883.5
AX#59716,paying,2018-11-08,,1584.6
AX#59784,paying,2019-04-17,,56.47
AX#59809,paying,2019-01-31,,730.8
AX#59947,paying,2019-02-18,,232.3
AX#59995,paying,2018-04-08,,3028.67
AX#60099,paying,2019-03-04,,214.5
AX#60223,paying,2019-04-01,,219.6
AX#60243,paying,2019-04-01,,257.4
AX#60254,paying,2018-04-09,,780.8
AX#60319,paying,2019-04-12,,85.33
AX#60531,paying,2019-03-26,,290.4
AX#60575,paying,2019-04-03,,151.67
AX#60627,paying,2019-01-24,,275.73
AX#60680,paying,2019-01-13,,129.5
AX#60771,paying,2018-05-13,,3126.67
AX#60779,paying,2019-03-15,,277.2
AX#60784,paying,2019-04-06,,126.87
AX#60872,paying,2018-12-21,,443.73
AX#61254,paying,2019-03-31,,240.8
AX#61532,paying,2019-01-20,,787.27
AX#61682,paying,2018-12-07,,307.67
AX#61740,paying,2019-04-25,,29.3
AX#61940,paying,2019-04-21,,24.03
AX#62038,paying,2018-12-31,,149.47
AX#62046,cancelled,2018-10-06,2018-10-09,12.8
AX#62048,paying,2018-12-24,,1012.5
AX#62109,paying,2018-09-26,,235.4
AX#62141,paying,2019-02-25,,177.73
AX#62242,paying,2019-01-04,,114
AX#62247,paying,2019-04-05,,178.63
AX#62265,paying,2019-04-06,,122.47
AX#62450,paying,2018-11-03,,1595.73
AX#62528,cancelled,2018-11-05,2018-12-03,80.27
AX#62530,paying,2018-04-08,,2643.67
AX#62560,paying,2019-03-09,,410
AX#62628,paying,2018-08-19,,730.8
AX#62706,paying,2019-03-09,,285
AX#62837,paying,2018-12-05,,537.6
AX#62839,paying,2019-03-28,,145.7
AX#63012,paying,2019-04-01,,126.9
AX#63062,paying,2019-04-22,,22.4
AX#63288,paying,2018-10-08,,861.87
AX#63300,paying,2019-01-07,,532.8
AX#63318,paying,2018-09-18,,555
AX#63366,paying,2019-04-12,,48
AX#63383,paying,2019-03-05,,300.6
AX#63559,paying,2019-04-08,,23.33
AX#63570,paying,2018-12-15,,687.87
AX#63705,cancelled,2018-04-09,2018-08-29,923
AX#63798,paying,2019-03-16,,116.1
AX#63818,paying,2018-08-12,,1018.73
AX#63853,paying,2019-03-30,,147.9
AX#63854,paying,2019-04-17,,36.3
AX#63877,paying,2019-02-23,,83.2
AX#63884,paying,2019-04-27,,1.63
AX#64101,paying,2019-04-26,,2.8
AX#64287,paying,2018-10-19,,1209.67
AX#64456,paying,2019-02-04,,744.23
AX#64485,paying,2019-04-23,,25
AX#64645,paying,2018-07-28,,1132.53
AX#64691,paying,2019-03-26,,122.1
AX#64706,paying,2019-04-24,,4.27
AX#64920,paying,2019-04-22,,34.2
AX#65166,paying,2019-04-05,,223.1
AX#65425,cancelled,2018-10-26,2018-12-27,436.07
AX#65721,paying,2018-12-24,,695.83
AX#65907,cancelled,2018-01-04,2019-03-26,4430.27
AX#65974,paying,2019-03-12,,253.8
AX#65990,paying,2019-04-24,,20.93
AX#66021,paying,2018-12-12,,328.8
AX#66203,paying,2019-02-25,,194.27
AX#66273,paying,2018-12-24,,170.83
AX#66327,paying,2019-01-06,,220.27
AX#66464,paying,2019-01-24,,908.67
AX#66724,cancelled,2018-10-15,2019-01-29,1021.13
AX#66770,paying,2019-02-22,,444.17
AX#66792,paying,2019-04-02,,169.87
AX#66843,cancelled,2019-01-08,2019-02-01,160.8
AX#66935,cancelled,2019-01-12,2019-02-01,106.67
AX#67062,paying,2018-08-07,,2332
AX#67211,paying,2019-02-03,,109.2
AX#67218,paying,2019-01-01,,187.2
AX#67294,paying,2019-02-01,,498.8
AX#67401,paying,2018-12-11,,225.4
AX#67447,paying,2018-08-06,,432.83
AX#67493,paying,2019-04-09,,108.3
AX#67498,paying,2019-02-01,,295.27
AX#67500,paying,2019-04-03,,40
AX#67505,paying,2018-09-01,,1147.2
AX#67541,paying,2019-02-13,,732.6
AX#67663,paying,2019-04-24,,35.07
AX#67693,cancelled,2019-02-17,2019-02-23,31
AX#67771,paying,2019-03-16,,203.53
AX#67832,cancelled,2018-12-29,2019-01-22,237.6
AX#67892,paying,2018-12-18,,847.13
AX#67928,paying,2018-11-03,,1138.13
AX#68022,paying,2019-01-19,,702.9
AX#68156,paying,2018-11-08,,775.2
AX#68162,paying,2018-05-22,,2591.6
AX#68305,paying,2018-11-09,,476
AX#68529,paying,2019-04-20,,31.2
AX#68640,paying,2019-04-26,,4.13
AX#68689,paying,2018-12-04,,879.67
AX#68783,paying,2019-04-22,,37.6
AX#68840,paying,2019-04-05,,181.7
AX#68843,paying,2018-04-27,,2513.2
AX#68898,paying,2019-04-02,,248.73
AX#68931,paying,2019-03-30,,78.3
AX#69146,paying,2019-04-27,,4.97
AX#69172,paying,2018-03-12,,2403.33
AX#69188,paying,2019-04-23,,43
AX#69425,paying,2019-04-15,,29.03
AX#69648,paying,2018-06-10,,944.53
AX#69767,paying,2019-02-16,,78.1
AX#69846,paying,2019-03-17,,51.8
AX#69850,paying,2018-06-08,,2386.8
AX#69883,paying,2018-12-29,,780
AX#69913,paying,2018-04-09,,435.2
AX#70000,paying,2019-03-26,,206.8
AX#70060,paying,2019-02-24,,73.5
AX#70115,paying,2019-04-22,,55.4
AX#70178,paying,2019-04-24,,33.33
AX#70550,paying,2019-01-25,,638.6
AX#70579,paying,2018-11-11,,420
AX#70673,paying,2019-04-11,,74.23
AX#70691,paying,2019-03-16,,77.4
AX#70704,paying,2019-03-30,,101.5
AX#70731,paying,2019-04-18,,42
AX#70944,paying,2018-02-18,,2878.87
AX#71168,paying,2019-03-08,,297.5
AX#71224,paying,2018-07-21,,1751.57
AX#71231,paying,2018-11-11,,207.2
AX#71301,paying,2019-01-13,,724.5
AX#71350,paying,2018-12-22,,207.43
AX#71389,paying,2018-04-09,,1728
AX#71494,paying,2019-04-03,,105.83
AX#71538,paying,2019-01-07,,347.8
AX#71789,paying,2018-09-03,,1690.6
AX#71933,paying,2018-12-03,,929.53
AX#71946,paying,2018-09-30,,931
AX#71956,paying,2019-02-05,,174.93
AX#71986,cancelled,2018-08-04,2018-09-01,156.8
AX#72002,paying,2019-03-24,,120.17
AX#72026,paying,2018-09-29,,773.67
AX#72107,paying,2019-03-01,,210.73
AX#72312,paying,2018-11-01,,801
AX#72519,paying,2019-04-08,,180
AX#72534,cancelled,2018-04-08,2018-04-15,48.07
AX#72567,cancelled,2018-09-18,2018-12-28,909
AX#72811,paying,2019-04-08,,41.33
AX#72826,paying,2019-03-04,,517
AX#73167,paying,2019-02-26,,286.7
AX#73212,paying,2019-02-14,,591.3
AX#73288,cancelled,2018-09-16,2018-10-14,196
AX#73424,paying,2018-09-01,,1370.27
AX#73537,paying,2019-04-15,,61.53
AX#73675,paying,2019-04-14,,123.67
AX#73723,cancelled,2018-12-03,2018-12-24,205.1
AX#73773,cancelled,2018-03-16,2018-08-31,380.8
AX#74017,paying,2018-10-28,,831.13
AX#74044,paying,2018-09-11,,1206.07
AX#74184,paying,2019-04-06,,27.13
AX#74214,paying,2018-03-07,,2293.5
AX#74321,paying,2019-04-04,,151.2
AX#74328,paying,2019-04-05,,182.47
AX#74414,paying,2019-04-27,,1.4
AX#74416,cancelled,2018-08-27,2019-01-15,291.4
AX#74467,paying,2019-03-23,,357.6
AX#74595,paying,2019-03-16,,222.17
AX#74740,paying,2019-01-20,,927.73
AX#74938,cancelled,2018-01-29,2018-03-31,343.63
AX#75052,paying,2018-06-12,,2442.67
AX#75078,paying,2019-04-28,,0
AX#75209,paying,2018-09-07,,2058.17
AX#75249,paying,2018-09-14,,836.2
AX#75310,paying,2019-04-04,,182.4
AX#75376,paying,2019-01-15,,171.67
AX#75536,paying,2019-04-09,,132.37
AX#75683,paying,2019-02-16,,665.03
AX#75687,paying,2018-11-03,,1589.87
AX#76000,paying,2018-12-29,,804
AX#76167,paying,2019-01-05,,553.7
AX#76215,paying,2018-03-21,,1585.13
AX#76451,paying,2018-11-17,,237.6
AX#76511,paying,2019-02-02,,578
AX#76624,paying,2018-12-17,,171.6
AX#76650,paying,2019-02-18,,156.4
AX#76781,paying,2019-02-09,,566.8
AX#76858,paying,2019-03-12,,302.37
AX#76860,paying,2019-02-06,,337.5
AX#76929,paying,2018-11-08,,741
AX#77122,cancelled,2018-07-14,2018-08-14,207.7
AX#77144,paying,2019-04-09,,154.53
AX#77162,paying,2018-04-09,,3097.6
AX#77213,cancelled,2018-10-07,2018-12-01,300.67
AX#77290,paying,2019-02-19,,389.87
AX#77421,paying,2019-03-04,,148.5
AX#77600,paying,2019-03-25,,100.87
AX#77692,paying,2019-04-27,,2.6
AX#77797,cancelled,2017-12-11,2018-10-30,1679.6
AX#77798,paying,2019-04-03,,154.17
AX#77800,paying,2019-03-25,,167.73
AX#77941,paying,2019-04-15,,53.3
AX#78033,paying,2019-02-06,,664.2
AX#78093,paying,2018-08-27,,1927.6
AX#78177,paying,2019-04-24,,38.27
AX#78217,paying,2018-12-17,,1245.2
AX#78357,paying,2019-04-21,,16.1
AX#78437,paying,2019-04-01,,80.1
AX#78451,paying,2019-04-23,,26.83
AX#78482,paying,2019-03-25,,51
AX#78535,paying,2019-01-26,,312.8
AX#78556,paying,2018-04-09,,3136
AX#78646,cancelled,2018-03-01,2018-05-23,655.7
AX#78668,paying,2019-04-06,,110.73
AX#78680,paying,2019-04-27,,3.73
AX#78755,cancelled,2019-01-15,2019-02-10,246.13
AX#78782,paying,2018-06-27,,793
AX#78825,paying,2019-04-06,,22.73
AX#79104,paying,2019-04-02,,62.4
AX#79130,paying,2018-12-24,,1145.83
AX#79175,paying,2018-12-22,,410.63
AX#79266,paying,2018-12-24,,212.5
AX#79366,paying,2019-02-16,,208.27
AX#79409,paying,2018-06-24,,954.8
AX#79739,paying,2018-11-25,,954.8
AX#79812,paying,2019-04-08,,129.33
AX#79821,paying,2019-04-26,,12.53
AX#79839,paying,2019-04-01,,37.8
AX#79950,paying,2018-08-18,,362.63
AX#80024,paying,2019-04-07,,42.7
AX#80260,paying,2019-03-07,,396.93
AX#80264,paying,2019-04-23,,17.5
AX#80335,paying,2019-03-21,,355.93
AX#80355,paying,2018-07-30,,1242.13
AX#80461,paying,2018-04-09,,2956.8
AX#80553,paying,2018-11-29,,695
AX#80578,paying,2019-01-26,,113.47
AX#80667,paying,2019-04-05,,78.97
AX#80710,paying,2019-04-03,,130.83
AX#80774,paying,2019-02-18,,207
AX#80794,paying,2019-04-01,,215.1
AX#80821,paying,2019-03-31,,206.27
AX#81023,paying,2018-06-25,,1228
AX#81105,paying,2019-03-28,,301.73
AX#81129,paying,2019-04-14,,66.73
AX#81230,paying,2019-04-27,,6.93
AX#81598,paying,2018-11-27,,354.67
AX#81643,paying,2018-12-07,,260.33
AX#81736,paying,2018-12-07,,591.67
AX#81746,paying,2019-04-22,,57.2
AX#81847,paying,2019-01-29,,753.53
AX#82120,paying,2019-02-24,,65.1
AX#82225,cancelled,2018-11-10,2018-12-08,154.93
AX#82335,paying,2018-09-09,,1578.5
AX#82395,paying,2018-12-16,,1316.7
AX#82469,paying,2018-09-15,,510
AX#82597,paying,2018-11-08,,1499.1
AX#82689,paying,2019-04-12,,97.6
AX#82800,paying,2018-02-19,,894.87
AX#83475,paying,2018-11-11,,168
AX#83481,paying,2019-04-27,,4.43
AX#83645,paying,2018-12-17,,220
AX#83849,paying,2019-01-30,,360.8
AX#83869,paying,2019-01-25,,285.2
AX#83986,cancelled,2018-12-09,2019-01-05,110.7
AX#84034,paying,2019-03-27,,160
AX#84113,paying,2019-04-24,,6.67
AX#84180,paying,2019-03-12,,258.5
AX#84283,paying,2019-03-09,,236.67
AX#84422,paying,2019-03-03,,517.07
AX#84453,paying,2019-02-13,,633.93
AX#84458,cancelled,2018-03-25,2018-05-04,106.67
AX#84513,paying,2019-02-04,,702.73
AX#84601,paying,2018-06-29,,2535.1
AX#84649,paying,2019-03-03,,558.13
AX#84649,paying,2019-01-26,,502.93
AX#84666,paying,2019-03-24,,35
AX#84696,paying,2019-04-26,,6.27
AX#84732,paying,2018-11-10,,1025.27
AX#84772,paying,2019-04-20,,60.27
AX#85108,paying,2019-01-21,,407.4
AX#85141,paying,2018-04-09,,1472
AX#85157,paying,2018-11-04,,1166.67
AX#85362,paying,2018-12-24,,1220.83
AX#85429,paying,2018-10-19,,1018.67
AX#85469,paying,2019-02-15,,508.8
AX#85671,cancelled,2018-04-09,2018-10-06,942
AX#85683,paying,2018-12-21,,998.4
AX#85731,paying,2019-04-27,,7.8
AX#85757,paying,2018-11-25,,893.2
AX#85785,paying,2018-11-08,,991.8
AX#86130,paying,2019-04-07,,90.3
AX#86253,paying,2018-12-28,,274.27
AX#86287,paying,2019-02-23,,629.33
AX#86348,paying,2019-04-06,,196.53
AX#86510,paying,2019-02-11,,88.67
AX#86535,paying,2018-06-19,,1742.37
AX#86610,cancelled,2018-11-11,2018-11-19,9.6
AX#86626,paying,2019-02-18,,409.4
AX#86634,paying,2019-04-27,,1.63
AX#86681,paying,2019-02-20,,415.4
AX#86775,paying,2018-11-03,,1677.87
AX#86847,paying,2019-04-02,,114.4
AX#86867,paying,2019-04-24,,18.8
AX#86886,paying,2019-04-02,,142.13
AX#86915,paying,2018-11-03,,486.93
AX#86930,paying,2019-03-31,,200.67
AX#87005,paying,2018-11-11,,263.2
AX#87014,paying,2019-01-19,,943.8
AX#87066,paying,2019-03-01,,332.53
AX#87186,paying,2019-03-24,,99.17
AX#87300,paying,2019-03-24,,283.5
AX#87330,paying,2019-03-30,,188.5
AX#87345,cancelled,2018-05-13,2018-12-13,306.73
AX#87528,paying,2019-04-27,,4.17
AX#87676,cancelled,2018-10-20,2019-01-20,205.47
AX#87767,paying,2019-04-23,,12.83
AX#87870,paying,2019-03-20,,115.7
AX#87963,cancelled,2018-01-23,2019-01-01,560.23
AX#87965,paying,2019-04-24,,3.87
AX#87972,paying,2019-02-11,,111.47
AX#88016,cancelled,2018-06-06,2018-07-04,42
AX#88215,paying,2019-03-29,,106
AX#88231,paying,2018-07-10,,1129.07
AX#88292,paying,2018-11-04,,1073.33
AX#88354,paying,2019-01-08,,832.33
AX#88371,paying,2018-04-28,,2165.67
AX#88573,cancelled,2019-01-23,2019-03-19,458.33
AX#88630,paying,2019-04-25,,21.2
AX#88687,paying,2019-03-11,,363.2
AX#88727,paying,2019-03-25,,224.4
AX#88952,paying,2019-04-24,,10.27
AX#89037,paying,2018-09-16,,462.93
AX#89139,paying,2019-03-25,,214.2
AX#89206,paying,2019-04-10,,96.6
AX#89342,paying,2019-04-28,,0
AX#89509,paying,2019-04-23,,9.83
AX#89567,paying,2019-03-21,,177.33
AX#89732,paying,2018-12-09,,373.33
AX#89794,paying,2018-10-07,,487.2
AX#89807,paying,2018-09-21,,642.4
AX#89983,paying,2018-12-11,,984.4
AX#90116,paying,2018-11-08,,1425
AX#90183,paying,2019-03-25,,209.67
AX#90212,paying,2018-01-01,,2634.93
AX#90354,paying,2019-02-09,,257.4
AX#90375,paying,2019-04-27,,2.47
AX#90448,paying,2019-04-27,,2.6
AX#90542,paying,2019-04-24,,7.47
AX#90599,paying,2019-02-10,,675.03
AX#90602,paying,2018-12-22,,668.87
AX#90671,paying,2019-01-15,,676.37
AX#90699,paying,2018-04-09,,1920
AX#90752,paying,2018-03-28,,844.8
AX#90793,paying,2019-04-09,,157.07
AX#90801,paying,2018-11-08,,1117.2
AX#90848,paying,2019-02-03,,89.6
AX#90908,paying,2018-12-18,,637.53
AX#91076,paying,2018-12-19,,910
AX#91178,paying,2018-06-04,,929.33
AX#91209,paying,2019-03-24,,292.83
AX#91216,paying,2019-03-01,,251.33
AX#91297,paying,2019-03-08,,365.5
AX#91400,paying,2019-04-15,,79.3
AX#91469,paying,2018-10-05,,259.67
AX#91498,cancelled,2018-07-28,2018-11-30,483.33
AX#91564,paying,2019-04-08,,128.67
AX#91581,cancelled,2018-08-21,2019-02-10,363.3
AX#91651,paying,2019-03-10,,369.13
AX#91857,paying,2017-12-04,,3094
AX#92139,paying,2019-04-02,,163.8
AX#92180,paying,2018-06-09,,2519.4
AX#92206,paying,2018-07-01,,391.3
AX#92337,paying,2018-11-28,,694.6
AX#92484,cancelled,2018-03-14,2018-08-11,215
AX#92524,paying,2018-12-23,,512.4
AX#92856,paying,2018-12-09,,322
AX#92920,paying,2018-12-15,,477.93
AX#93087,paying,2019-01-29,,160.2
AX#93152,paying,2019-03-30,,264.87
AX#93195,paying,2019-04-02,,145.6
AX#93205,paying,2019-04-27,,7.43
AX#93207,paying,2018-12-19,,979.33
AX#93247,cancelled,2018-09-03,2019-02-05,1358.83
AX#93397,cancelled,2019-03-01,2019-03-18,71.97
AX#93494,paying,2019-02-27,,214
AX#93579,paying,2019-03-31,,50.4
AX#93584,paying,2019-01-24,,482.53
AX#93600,paying,2018-09-03,,1121.8
AX#93826,paying,2019-01-20,,493.27
AX#93836,paying,2018-02-13,,3497.37
AX#93960,paying,2019-04-27,,6.07
AX#93975,paying,2019-03-10,,372.4
AX#94242,paying,2018-12-22,,1240.37
AX#94520,paying,2018-09-20,,1738
AX#94592,paying,2018-12-09,,1017.33
AX#94818,paying,2018-11-03,,1179.2
AX#94880,paying,2019-03-18,,58.77
AX#94925,paying,2019-01-31,,478.5
AX#95030,paying,2019-03-09,,90
AX#95234,paying,2019-01-12,,480.53
AX#95344,paying,2019-03-02,,112.1
AX#95570,paying,2018-01-09,,3855.2
AX#95577,cancelled,2018-03-18,2018-04-04,43.07
AX#95611,paying,2018-12-13,,1169.6
AX#95727,paying,2019-04-05,,156.4
AX#95780,paying,2019-02-03,,187.6
AX#95865,paying,2019-04-13,,21.5
AX#95883,paying,2018-11-03,,1067.73
AX#95889,paying,2018-08-10,,2070.6
AX#96155,paying,2018-12-18,,733.6
AX#96172,paying,2019-04-23,,19.17
AX#96269,paying,2018-04-10,,766
AX#96310,paying,2018-10-15,,786.5
AX#96333,paying,2019-03-16,,278.07
AX#96348,paying,2019-04-06,,121
AX#96356,paying,2019-03-16,,336.83
AX#96370,paying,2018-07-27,,293.33
AX#96393,paying,2019-03-02,,410.4
AX#96582,paying,2018-11-17,,858.6
AX#96682,paying,2019-04-16,,118.4
AX#96688,paying,2019-01-23,,668.17
AX#96692,cancelled,2018-11-18,2018-11-19,7.6
AX#96744,paying,2019-04-05,,209.3
AX#96748,paying,2019-02-02,,501.5
AX#96921,paying,2018-10-27,,1171.2
AX#97065,paying,2019-04-23,,24.33
AX#97102,paying,2019-03-30,,196.23
AX#97308,paying,2019-03-17,,72.8
AX#97315,paying,2019-04-23,,47.5
AX#97320,paying,2019-04-12,,30.4
AX#97333,paying,2018-06-04,,502.93
AX#97354,paying,2018-05-29,,3228.67
AX#97380,paying,2018-11-30,,630.77
AX#97396,cancelled,2018-12-29,2019-02-25,117.93
AX#97503,cancelled,2018-04-08,2019-02-05,828.2
AX#97623,paying,2019-04-08,,134
AX#97747,paying,2019-03-28,,37.2
AX#97748,paying,2018-12-15,,379.67
AX#97752,paying,2018-11-18,,966
AX#97918,paying,2019-02-21,,646.8
AX#98004,paying,2019-04-02,,58.07
AX#98071,paying,2019-04-22,,46.6
AX#98218,paying,2019-02-09,,239.2
AX#98347,paying,2019-04-22,,21.2
AX#98385,cancelled,2018-11-08,2019-03-02,269.8
AX#98410,paying,2019-01-27,,573.3
AX#98461,paying,2019-03-01,,406
AX#98473,paying,2018-11-24,,237.67
AX#98529,paying,2018-10-08,,653.13
AX#98604,paying,2019-04-27,,8.57
AX#98628,paying,2019-03-26,,148.5
AX#98628,paying,2019-02-24,,462
AX#98642,paying,2019-04-13,,140
AX#98672,paying,2019-01-02,,568.4
AX#98865,paying,2019-01-28,,243
